1335925607016; 503;1.0;0.0;
1335925608030; 2004;1.0;0.0;
1335925609032; 3023;1.0;0.0;
1335925610035; 4022;1.0;0.0;
1335925611037; 5028;1.005;0.0;
1335925612039; 6031;1.01505;0.0;
1335925613041; 7028;1.03027575;0.0;
1335925614044; 8035;1.050881265;0.0;
1335925615047; 9038;1.0771532966249997;0.0;
1335925616049; 10038;1.1094678955237498;0.0;
1335925617052; 11039;1.148299271867081;0.0;
1335925618055; 12055;1.1942312427417643;0.0;
1335925619058; 13220;1.2479716486651435;0.0;
1335925620061; 14389;1.3103702310984007;0.0;
1335925621063; 15568;1.3758887426533208;0.0;
1335925622065; 16906;1.444683179785987;0.0;
1335925623068; 18251;1.5169173387752863;0.0;
1335925624071; 19752;1.5927632057140508;0.0;
1335925625074; 21260;1.6724013659997534;0.0;
1335925626077; 22919;1.7560214342997411;0.0;
1335925627079; 24601;1.8438225060147282;0.0;
1335925628082; 26431;1.9360136313154648;0.0;
1335925629084; 28275;2.032814312881238;0.0;
1335925630087; 30281;2.1344550285253;0.0;
1335925631090; 32069;2.1833615372037816;6.250000000007638E-5;
1335925632539; 35466;2.292529614063971;6.250000000007638E-5;
1335925633542; 37651;2.4071560947671693;0.0;
1335925634544; 39991;2.5275138995055277;0.0;
1335925635548; 42498;2.653889594480804;0.0;
1335925636550; 45074;2.7865840742048444;0.0;
1335925637553; 47743;2.925913277915087;0.0;
1335925638555; 50584;3.0722089418108416;0.0;
1335925639558; 53590;3.225819388901384;0.0;
1335925640561; 56765;3.3871103583464532;0.0;
1335925641563; 60106;3.556465876263776;0.0;
1335925642565; 63616;3.734289170076965;0.0;
1335925643568; 67311;3.841548460465943;4.062499999999414E-4;
1335925644571; 71157;4.033625883489241;0.0;
1335925645573; 75173;4.235307177663703;0.0;
1335925646575; 79339;4.447072536546888;0.0;
1335925647577; 83680;4.669426163374233;0.0;
1335925648579; 88360;4.9028974715429445;0.0;
1335925649581; 93199;5.148042345120092;0.0;
1335925650584; 98227;5.310837738135834;6.562500000000249E-4;
1335925651586; 103409;5.576379625042626;0.0;
1335925652588; 108929;5.855198606294757;0.0;
1335925653590; 114764;6.1479585366094955;0.0;
1335925654592; 120781;6.455356463439971;0.0;
1335925655595; 127152;6.77812428661197;0.0;
1335925656597; 133868;7.00798166450416;2.8125000000001066E-4;
1335925657599; 140854;7.358380747729369;0.0;
1335925658601; 148212;7.726299785115837;0.0;
1335925659604; 155904;8.112614774371629;0.0;
1335925660607; 163920;8.399439020377246;3.1249999999993783E-4;
1335925661609; 172302;8.819410971396108;0.0;
1335925662616; 180988;9.260381519965915;0.0;
1335925663618; 190191;9.723400595964211;0.0;
1335925664621; 199909;10.080661146336004;9.687499999999627E-4;
1335925665624; 209949;10.584694203652804;0.0;
1335925666627; 220500;11.113928913835444;0.0;
1335925667630; 231527;11.533470529959574;6.562500000000249E-4;
1335925668632; 243066;12.110144056457553;0.0;
1335925669635; 255102;12.715651259280431;0.0;
1335925670637; 267772;13.208126314914177;0.0018124999999999947;
1335925671640; 280936;13.868532630659885;0.0;
1335925672642; 289279;14.414537306333914;1.875000000000071E-4;
1335925673645; 309240;14.986596520983248;0.0015700000000000713;
1335925674648; 323968;15.73592634703241;6.250000000007638E-5;
1335925675653; 340004;15.263848556621438;0.019312500000000066;
1335925676656; 355199;14.500656128790366;0.023218750000000066;
1335925677658; 369664;14.500656128790366;0.00896874999999997;
1335925678724; 384190;14.500656128790366;4.999999999999449E-4;
1335925679727; 399670;12.981539772440904;0.043749999999999956;
1335925680729; 412557;12.981539772440904;0.0;
1335925681731; 416536;12.981539772440904;0.008406249999999948;
1335925682733; 438502;9.06282520986533;0.31781250000000005;
1335925683736; 447493;9.06282520986533;0.0;
1335925684752; 456706;8.79094045356937;0.019156249999999986;
1335925685754; 465385;8.79094045356937;0.0015937500000000604;
1335925686756; 474062;8.79094045356937;0.0;
1335925687758; 482759;8.79094045356937;0.004124999999999934;
1335925688760; 491447;8.834895155837215;6.250000000007638E-5;
1335925689766; 500336;8.897367298594862;0.001343749999999977;
1335925690768; 509135;9.29774882703163;0.0;
1335925691770; 518325;9.390726315301945;0.0036249999999999893;
1335925692772; 527713;9.860262631067043;0.002562500000000023;
1335925693775; 537549;10.353275762620395;4.999999999999449E-4;
1335925694777; 544843;10.490236727234224;0.005249999999999977;
1335925695779; 558407;8.07461055655066;0.0970312499999999;
1335925696781; 566391;8.478341084378194;8.43750000000032E-4;
1335925697783; 574754;8.902258138597103;0.0;
1335925698785; 583606;8.63519039443919;0.012062500000000087;
1335925699788; 592143;8.63519039443919;0.007437499999999986;
1335925700790; 600687;8.63519039443919;3.750000000000142E-4;
1335925701792; 609207;8.63519039443919;9.062500000001084E-4;
1335925702794; 617718;8.678366346411385;0.001687500000000064;
1335925703797; 626397;8.739731663343072;0.006718750000000107;
1335925704799; 635103;9.133019588193509;0.0;
1335925705801; 644128;9.224349784075445;0.0016562499999999147;
1335925706804; 653312;9.327481149902587;0.002718750000000103;
1335925707806; 662521;9.793855207397717;7.187500000001013E-4;
1335925708808; 672261;10.283547967767603;0.0;
1335925709810; 681559;7.480600914393297;0.16456249999999994;
1335925710812; 688936;7.480600914393297;0.16456249999999994;
1335925711814; 697115;7.854630960112962;2.1874999999993427E-4;
1335925712817; 705028;7.965712216425236;0.001374999999999904;
1335925713820; 712870;8.363997827246498;0.0;
1335925714822; 721226;8.496244244640492;0.003968750000000076;
1335925715825; 729607;8.921056456872517;0.0;
1335925716827; 738488;9.075573687277453;0.0016249999999999876;
1335925717899; 748166;9.239185918696107;0.003218750000000048;
1335925718902; 757341;7.250833984181587;0.0846562500000001;
1335925719905; 764536;7.613375683390666;0.0;
1335925720907; 772056;7.755808900210885;0.001343749999999977;
1335925721909; 779754;7.905999493745305;0.003218750000000048;
1335925722911; 787592;7.668819508932946;0.014781249999999968;
1335925723914; 795256;7.668819508932946;0.0;
1335925724916; 802966;7.668819508932946;0.001343749999999977;
1335925725919; 810624;7.668819508932946;0.0028125000000001066;
1335925726921; 818323;7.70716360647761;0.00374999999999992;
1335925727923; 825976;7.861306878607162;0.0;
1335925728926; 833849;7.929387793245354;0.001374999999999904;
1335925729929; 841683;8.008681671177808;0.00290625000000011;
1335925730931; 849747;8.098221454312359;0.003218750000000048;
1335925731934; 857723;8.503132527027978;0.0;
1335925732936; 866253;8.615618397185678;0.001531249999999984;
1335925733938; 874766;8.737461641040989;0.0031250000000000444;
1335925734940; 883461;9.174334723093038;0.0012812499999999005;
1335925735942; 892636;9.63305145924769;0.0;
1335925736944; 902218;9.792797545630242;0.0015000000000000568;
1335925737946; 911868;9.962413774602917;0.004187500000000011;
1335925738949; 921752;9.663541361364828;0.011343749999999986;
1335925739951; 931247;9.663541361364828;0.001031250000000039;
1335925740953; 940799;9.663541361364828;0.002718750000000103;
1335925741955; 950294;9.663541361364828;0.0014062500000000533;
1335925742958; 959843;9.711859068171652;0.0;
1335925743960; 969547;9.780532282221975;0.0019687500000000746;
1335925744963; 979253;9.865234176411356;0.003093749999999895;
1335925745965; 989107;10.358495885231925;0.0;
1335925746967; 999407;10.474307389952077;0.0011562499999999698;
1335925747970; 1009776;10.602590932524306;0.0025937499999999503;
1335925748972; 1020341;11.132720479150521;0.0017499999999999183;
1335925749974; 1031319;11.689356503108048;0.0014687499999999076;
1335925750976; 1043005;11.864696850654667;0.006406249999999947;
1335925751978; 1054875;12.457931693187401;0.0;
1335925752980; 1067224;12.6645231186383;0.006843750000000037;
1335925753982; 1079775;13.297749274570215;0.0020937500000000053;
1335925754984; 1092996;13.53747785885885;0.002375000000000016;
1335925755986; 1106492;13.79074087900329;0.0036562499999999165;
1335925756989; 1120160;14.480277922953455;0.0;
1335925757991; 1134612;14.769883481412524;0.005281249999999904;
1335925758993; 1149280;15.508377655483152;0.002562500000000023;
1335925759995; 1164778;15.837360025644974;0.00665625000000003;
1335925760997; 1180648;16.629228026927223;0.0020937500000000053;
1335925761999; 1197150;17.001068869742763;0.005281249999999904;
1335925763002; 1214201;17.8511223132299;7.500000000000284E-4;
1335925764004; 1232085;17.315588643833003;0.01431249999999995;
1335925765006; 1249277;17.315588643833003;0.002874999999999961;
1335925766008; 1266542;17.315588643833003;0.005843749999999925;
1335925767011; 1283712;17.315588643833003;0.002062500000000078;
1335925768013; 1300920;17.402166587052164;0.003593750000000062;
1335925769015; 1318303;17.750209918793207;0.0017187499999999911;
1335925770017; 1336043;17.90393124591502;0.005843749999999925;
1335925771019; 1353859;18.799127808210773;0.003031250000000041;
1335925772021; 1372668;18.23515397396445;0.011687500000000073;
1335925773023; 1390833;18.23515397396445;0.00621874999999994;
1335925774025; 1408980;18.23515397396445;0.0063750000000000195;
1335925775028; 1427272;18.23515397396445;0.005312500000000053;
1335925776030; 1445474;18.326329743834272;0.003062499999999968;
1335925777032; 1463706;18.455916464195532;0.0055312499999999876;
1335925778034; 1482008;19.28643270508433;0.001343749999999977;
1335925779036; 1501278;19.479297032135175;0.00681250000000011;
1335925780038; 1520614;20.453261883741934;0.006625000000000103;
1335925781041; 1540992;21.475924977929033;0.00374999999999992;
1335925782043; 1562396;20.831647228591162;0.010499999999999954;
1335925783045; 1583066;20.831647228591162;0.005843749999999925;
1335925784047; 1603797;20.831647228591162;0.003062499999999968;
1335925785049; 1624549;20.831647228591162;0.006968749999999968;
1335925786051; 1645238;20.935805464734116;0.005656249999999918;
1335925787053; 1666135;21.354521574028798;0.003031250000000041;
1335925788055; 1687444;21.539457155716516;0.0061875000000000124;
1335925789057; 1709068;22.61643001350234;0.005937499999999929;
1335925790060; 1731639;23.74725151417746;0.0038437499999999236;
1335925791062; 1755289;16.67999592733203;0.2798750000000001;
1335925792065; 1772046;16.67999592733203;0.28431249999999997;
1335925793068; 1788843;16.179596049512067;0.01159375000000007;
1335925794071; 1804977;16.179596049512067;0.008531250000000101;
1335925795073; 1821208;16.179596049512067;0.003374999999999906;
1335925796076; 1837438;16.179596049512067;0.005312500000000053;
1335925797079; 1853684;16.260494029759627;0.005812499999999998;
1335925798081; 1869818;16.58570391035482;0.0027812499999999574;
1335925799083; 1886371;17.332060586320786;0.0015000000000000568;
1335925800086; 1903613;17.505381192183993;0.005937499999999929;
1335925801088; 1921180;18.380650251793192;0.0027812499999999574;
1335925802090; 1939475;18.605766323080456;0.004999999999999893;
1335925803092; 1958052;19.53605463923448;0.0029687499999999645;
1335925804094; 1977588;19.81233617349515;0.00681250000000011;
1335925805096; 1997336;20.80295298216991;0.005843749999999925;
1335925806098; 2018004;21.843100631278407;0.003718749999999993;
1335925807100; 2039876;22.205327476538038;0.007281249999999906;
1335925808102; 2062041;22.58993503041873;0.00881249999999989;
1335925809104; 2084589;23.719431781939665;0.0017812500000000675;
1335925810106; 2108423;24.163181717624543;0.008375000000000021;
1335925811108; 2132455;25.37134080350577;0.004687499999999956;
1335925812110; 2157735;25.878767619575886;0.008531250000000101;
1335925813113; 2183724;27.17270600055468;0.004281250000000014;
1335925814116; 2210999;27.7491261408401;0.0078125;
1335925815118; 2238669;29.136582447882105;0.004687499999999956;
1335925816120; 2267803;21.62961686607205;0.13212500000000005;
1335925817123; 2289393;22.71109770937565;0.0078125;
1335925818126; 2312009;23.846652594844432;0.0038124999999999964;
1335925819128; 2335885;24.39304804778038;0.006000000000000005;
1335925820130; 2360361;25.6127004501694;0.003875000000000073;
1335925821132; 2385813;26.22687143124984;0.0044999999999999485;
1335925822134; 2412083;26.86929595681124;0.004750000000000032;
1335925823136; 2438971;27.54102835573152;0.009812500000000002;
1335925824138; 2466577;28.918079773518098;0.005125000000000046;
1335925825140; 2495412;28.050537380312555;0.019906250000000014;
1335925826143; 2523440;28.050537380312555;0.009218750000000053;
1335925827145; 2551524;28.050537380312555;0.008874999999999966;
1335925828148; 2579608;28.050537380312555;0.008000000000000007;
1335925829150; 2607664;28.190790067214113;0.008874999999999966;
1335925830152; 2635857;28.754605868558397;0.005656249999999918;
1335925831154; 2664730;29.003628060138205;0.00621874999999994;
1335925832157; 2693788;27.69715832769955;0.03468749999999998;
1335925833159; 2721537;28.94353045244603;0.005406250000000057;
1335925834162; 2750380;28.94353045244603;0.06334375000000003;
1335925835164; 2779330;30.390706975068333;0.006562500000000027;
1335925836167; 2809600;29.478985765816283;0.016812499999999897;
1335925837170; 2839058;28.22829832156566;0.01040624999999995;
1335925838173; 2867364;28.22829832156566;0.008937500000000043;
1335925839176; 2895614;28.22829832156566;0.0060312499999999325;
1335925840178; 2923780;27.381449371918688;0.0104375000000001;
1335925841180; 2951220;27.381449371918688;0.005249999999999977;
1335925842182; 2978660;27.381449371918688;0.0078125;
1335925843184; 3005992;27.381449371918688;0.009562499999999918;
1335925844186; 3033322;27.518356618778277;0.005281249999999904;
1335925845189; 3060955;27.712940784500756;0.008750000000000036;
1335925846191; 3088646;28.96002311980329;0.005406250000000057;
1335925847193; 3117624;30.408024275793455;0.00521875000000005;
1335925848195; 3147986;31.92842548958313;0.005125000000000046;
1335925849197; 3179948;32.31946724328289;0.005937499999999929;
1335925850199; 3212025;33.935440605447035;0.005781250000000071;
1335925851201; 3245928;34.415360208940335;0.005968750000000078;
1335925852205; 3280499;34.93159061207444;0.00621874999999994;
1335925853208; 3315473;35.48390755520799;0.00649999999999995;
1335925854211; 3350917;37.25810293296839;0.0063750000000000195;
1335925855213; 3388194;36.140359844979336;0.013906250000000009;
1335925856216; 3424122;36.140359844979336;0.006156250000000085;
1335925857218; 3460194;36.140359844979336;0.008000000000000007;
1335925858221; 3496482;35.05614904962996;0.012499999999999956;
1335925859223; 3531412;35.05614904962996;0.006250000000000089;
1335925860225; 3566622;34.00446457814106;0.012812499999999893;
1335925861228; 3600554;24.567345993322697;0.17918750000000006;
1335925862230; 3625199;24.567345993322697;0.0040000000000000036;
1335925863233; 3646055;24.567345993322697;0.08506250000000004;
1335925864235; 3674272;17.216170410441872;0.29318749999999993;
1335925865237; 3691524;17.216170410441872;0.002687499999999954;
1335925866239; 3708741;17.216170410441872;0.006718750000000107;
1335925867241; 3725907;17.216170410441872;0.002062500000000078;
1335925868243; 3743073;17.30225126249408;0.0031250000000000444;
1335925869245; 3760333;17.648296287743964;0.0017812500000000675;
1335925870247; 3777904;17.801135016930974;0.0031874999999998987;
1335925871249; 3795574;18.691191767777525;0.0025937499999999503;
1335925872251; 3814274;19.6257513561664;0.002375000000000016;
1335925873254; 3833777;19.866116739373116;0.0038437499999999236;
1335925874256; 3853651;20.85942257634177;0.0031250000000000444;
1335925875258; 3874611;21.15441935944911;0.004031249999999931;
1335925876260; 3895599;21.471735649840845;0.007500000000000062;
1335925877263; 3917023;22.54532243233289;0.0013125000000000497;
1335925878265; 3939631;22.919194308761046;0.0061875000000000124;
1335925879268; 3962420;23.316166398874223;0.006781249999999961;
1335925880270; 3985758;24.481974718817934;0.0037812500000000693;
1335925881272; 4010094;24.939990526565325;0.008124999999999938;
1335925882274; 4035003;26.18699005289359;0.004375000000000018;
1335925883276; 4061116;26.710729853951463;0.005937499999999929;
1335925884278; 4087862;21.367100571771246;0.0750312500000001;
1335925885280; 4109322;22.43545560035981;0.0036249999999999893;
1335925886282; 4131635;22.897974366355502;0.003875000000000073;
1335925887284; 4154560;23.383713754852074;0.005374999999999908;
1335925888286; 4177936;24.55289944259468;0.004124999999999934;
1335925889289; 4202458;25.101918964578267;0.008999999999999897;
1335925890291; 4227583;26.35701491280718;0.004437500000000094;
1335925891293; 4253941;27.67486565844754;0.0034374999999999822;
1335925892296; 4281632;28.338485624088676;0.004562500000000025;
1335925893298; 4307980;29.032633922710815;0.005781250000000071;
1335925894301; 4339127;20.92574741456587;0.18484374999999997;
1335925895303; 4360045;21.972034785294163;0.009906250000000005;
1335925896305; 4381857;23.07063652455887;0.0038437499999999236;
1335925897307; 4404995;23.658824653707534;0.004218749999999938;
1335925898310; 4428476;24.84176588639291;0.0036562499999999165;
1335925899312; 4453402;25.499017233023746;0.004812500000000108;
1335925900314; 4478795;26.773968094674935;0.002687499999999954;
1335925901316; 4505545;27.50720340864379;0.004562500000000025;
1335926319103; 1005;1.0;0.0;
1335926320104; 2001;1.0;0.0;
1335926321106; 3007;1.0;0.0;
1335926322109; 4009;1.0;0.0;
1335926323111; 5012;1.005;0.0;
1335926324114; 6015;1.01505;0.0;
1335926325117; 7014;1.03027575;0.0;
1335926326119; 8017;1.050881265;0.0;
1335926327128; 9024;1.0771532966249997;0.0;
1335926328131; 10027;1.1094678955237498;0.0;
1335926329134; 11031;1.148299271867081;0.0;
1335926330137; 12043;1.1942312427417643;0.0;
1335926331139; 13217;1.2479716486651435;0.0;
1335926332141; 14378;1.3103702310984007;0.0;
1335926333143; 15557;1.3758887426533208;0.0;
1335926334145; 16893;1.444683179785987;0.0;
1335926335147; 18235;1.5169173387752863;0.0;
1335926336149; 19739;1.5927632057140508;0.0;
1335926337151; 21240;1.6724013659997534;0.0;
1335926338154; 22909;1.7560214342997411;0.0;
1335926339156; 24577;1.8438225060147282;0.0;
1335926340158; 26411;1.9360136313154648;0.0;
1335926341161; 28302;2.032814312881238;0.0;
1335926342164; 30306;2.1344550285253;0.0;
1335926343167; 32052;2.1833615372037816;4.6875000000001776E-4;
1335926344169; 34522;2.292529614063971;4.6875000000001776E-4;
1335926345172; 36697;2.4071560947671693;0.0;
1335926346174; 39041;2.5275138995055277;0.0;
1335926347177; 41534;2.653889594480804;0.0;
1335926348179; 44043;2.7865840742048444;0.0;
1335926349181; 46719;2.925913277915087;0.0;
1335926350184; 48674;3.0722089418108416;0.0;
1335926351186; 52703;3.225819388901384;0.0;
1335926352188; 55869;3.3871103583464532;0.0;
1335926353191; 59210;3.556465876263776;0.0;
1335926354194; 62714;3.734289170076965;0.0;
1335926355196; 66447;3.841548460465943;0.0017499999999999183;
1335926356198; 70283;4.033625883489241;0.0;
1335926357200; 74275;4.235307177663703;0.0;
1335926358203; 78457;4.447072536546888;0.0;
1335926359205; 82803;4.669426163374233;0.0;
1335926360207; 87475;4.9028974715429445;0.0;
1335926361210; 92339;5.148042345120092;0.0;
1335926362213; 97374;5.310837738135834;0.002031249999999929;
1335926363215; 102538;5.576379625042626;0.002031249999999929;
1335926364217; 108046;5.855198606294757;0.0;
1335926365219; 113916;6.1479585366094955;0.0;
1335926366221; 119934;6.455356463439971;0.0;
1335926367223; 126264;6.77812428661197;0.0;
1335926368225; 132963;7.00798166450416;0.001031250000000039;
1335926369228; 139984;7.358380747729369;0.0;
1335926370231; 147321;7.726299785115837;0.0;
1335926371234; 155021;8.112614774371629;0.0;
1335926372237; 163063;8.399439020377246;0.0014062500000000533;
1335926373240; 171443;8.819410971396108;0.0;
1335926374242; 180131;9.260381519965915;0.0;
1335926375245; 189316;9.723400595964211;0.0;
1335926376247; 199043;10.080661146336004;6.562500000000249E-4;
1335926377249; 209023;10.584694203652804;0.0;
1335926378251; 219536;11.113928913835444;0.0;
1335926379253; 230609;11.533470529959574;1.2499999999993072E-4;
1335926380255; 242137;12.110144056457553;0.0;
1335926381257; 254149;12.715651259280431;0.0;
1335926382259; 262303;13.208126314914177;5.312500000000941E-4;
1335926383262; 280249;13.868532630659885;0.0;
1335926384264; 294153;14.414537306333914;0.0016562499999999147;
1335926385267; 305435;14.986596520983248;0.002666666666666595;
1335926386269; 323620;10.71179035975298;0.10396874999999994;
1335926387272; 330124;10.71179035975298;0.11706250000000007;
1335926388274; 345088;10.71179035975298;0.08953125000000006;
1335926389276; 355751;11.247379877740629;0.002031249999999929;
1335926390281; 366960;11.809748871627662;0.001875000000000071;
1335926391284; 378728;12.285815068356362;0.002062500000000078;
1335926392287; 390866;11.917240616305671;0.00924999999999998;
1335926393289; 402792;11.321378585490386;0.0104375000000001;
1335926394291; 413991;11.321378585490386;0.0;
1335926395293; 425209;10.981737227925674;0.011624999999999996;
1335926396307; 436066;10.515821576141175;0.008406249999999948;
1335926397309; 446707;10.515821576141175;0.0;
1335926398312; 450696;10.20034692885694;0.012531250000000105;
1335926399314; 467365;7.191987288933218;0.1301874999999999;
1335926400316; 474530;7.191987288933218;0.0;
1335926401319; 481702;7.191987288933218;0.02356249999999993;
1335926402322; 488903;7.191987288933218;9.375000000000355E-4;
1335926403324; 496069;7.191987288933218;0.003218750000000048;
1335926404326; 503249;7.227947225377883;0.0;
1335926405328; 510443;7.300226697631662;0.0;
1335926406330; 517653;7.363448515367006;0.0016562499999999147;
1335926407333; 524999;7.437083000520676;0.002375000000000016;
1335926408335; 532321;7.213970510505056;0.005312500000000053;
1335926409337; 539501;7.213970510505056;0.0;
1335926410339; 546695;7.213970510505056;0.0026562500000000266;
1335926411342; 553860;7.213970510505056;0.003593750000000062;
1335926412344; 561053;7.250040363057581;0.001031250000000039;
1335926413346; 568254;7.395041170318732;0.0;
1335926414348; 575605;7.505966787873513;0.0;
1335926415350; 583106;6.975988837333998;0.019031250000000055;
1335926416353; 589955;7.289908335014027;0.0;
1335926417356; 597154;7.362807418364167;0.0015937500000000604;
1335926418358; 604514;7.730947789282376;0.0;
1335926419360; 612190;7.825632175841574;0.0015624999999999112;
1335926420363; 619874;8.216913784633652;0.0013125000000000497;
1335926421365; 628039;6.938727195912865;0.028124999999999956;
1335926422367; 634887;7.285663555708508;0.0;
1335926423370; 642059;7.388698397822212;0.004968749999999966;
1335926424372; 649441;7.758133317713323;0.0016249999999999876;
1335926425374; 657117;7.525389318181923;0.0053437499999999805;
1335926426376; 664615;7.525389318181923;0.0;
1335926427379; 672115;7.525389318181923;0.0;
1335926428382; 679019;5.30692194692598;0.12975000000000003;
1335926429384; 683430;5.30692194692598;0.13546875000000003;
1335926430386; 690096;5.30692194692598;0.2689999999999999;
1335926431389; 695302;5.30692194692598;0.0;
1335926432391; 700490;5.30692194692598;0.0;
1335926433394; 705678;5.33345655666061;9.375000000000355E-4;
1335926434396; 711020;5.440125687793822;8.43750000000032E-4;
1335926435398; 716356;5.684931343744544;7.500000000000284E-4;
1335926436401; 722030;5.969177910931771;4.062499999999414E-4;
1335926437403; 727876;6.26763680647836;0.0;
1335926438405; 734079;6.455665910672711;0.0;
1335926439407; 740405;6.541066343407497;0.0019687500000000746;
1335926440410; 746912;6.8681196605778725;0.0010937499999998934;
1335926441412; 753795;6.97114145548654;0.004687499999999956;
1335926442415; 760623;7.319698528260868;0.0;
1335926443417; 767825;7.685683454673912;0.0;
1335926444419; 775478;7.8188033970177795;0.0014062500000000533;
1335926445421; 783202;8.209743566868669;9.687499999999627E-4;
1335926446423; 791343;8.620230745212103;9.687499999999627E-4;
1335926447425; 799873;9.051242282472709;0.0;
1335926448427; 808927;9.232267128122164;0.0016249999999999876;
1335926449430; 818065;9.422595190787991;0.0017812500000000675;
1335926450432; 827424;9.89372495032739;0.0;
1335926451435; 837308;10.10935368649571;0.0021249999999999325;
1335926452437; 847338;10.614821370820497;0.0018437499999999218;
1335926453439; 857885;10.296376729695881;0.01156249999999992;
1335926454441; 868077;10.296376729695881;0.0034374999999999822;
1335926455443; 878269;10.296376729695881;0.0015000000000000568;
1335926456445; 888439;10.296376729695881;9.062500000001084E-4;
1335926457447; 898648;10.347858613344359;0.0014374999999999805;
1335926458449; 909000;10.421029023306913;0.0016562499999999147;
1335926459451; 919333;10.889975329355723;7.187500000001013E-4;
1335926460454; 930200;10.99887508264928;0.0017187499999999911;
1335926461456; 941067;11.121846244453442;0.001875000000000071;
1335926462459; 952067;11.677938556676114;0.0015937500000000604;
1335926463461; 963753;11.8324231629104;0.002062500000000078;
1335926464463; 975491;11.999758896037655;0.002375000000000016;
1335926465465; 987337;12.599746840839538;0.0014374999999999805;
1335926466467; 999829;12.798966330632359;0.002062500000000078;
1335926467469; 1012552;9.664044559041006;0.05656250000000007;
1335926468471; 1022104;10.147246786993056;0.0;
1335926469473; 1032125;10.315519838231035;0.0018437499999999218;
1335926470476; 1042300;10.831295830142587;0.001187499999999897;
1335926471479; 1053012;11.372860621649716;0.0;
1335926472482; 1064399;11.585627361418446;0.002062500000000078;
1335926473484; 1075892;12.164908729489369;0.0019687500000000746;
1335926474487; 1087974;12.773154165963838;0.0;
1335926475489; 1100668;13.036479484956672;0.004656250000000028;
1335926476491; 1113668;13.688303459204507;0.0021562500000000817;
1335926477494; 1127358;13.98663311664046;0.004093750000000007;
1335926478496; 1141220;14.685964772472484;0.001531249999999984;
1335926479498; 1155972;15.022462498589034;0.0044999999999999485;
1335926480501; 1170957;15.773585623518487;0.0025937499999999503;
1335926481503; 1186721;16.151822919363198;0.0028437500000000338;
1335926482505; 1202731;16.547460165045504;0.0034374999999999822;
1335926483507; 1219293;17.37483317329778;0.003031250000000041;
1335926484510; 1236676;17.817806240278106;0.003093749999999895;
1335926485512; 1254380;18.70869655229201;0.002718750000000103;
1335926486514; 1273080;19.203682136607373;0.003406250000000055;
1335926487516; 1292284;20.16386624343774;0.002343750000000089;
1335926488518; 1312294;20.71607646284013;0.002718750000000103;
1335926489520; 1333026;21.292787624177446;0.004687499999999956;
1335926490522; 1354218;22.35742700538632;0.00390625;
1335926491524; 1376639;23.47529835565564;0.003406250000000055;
1335926492527; 1394771;22.77103940498597;0.013718750000000002;
1335926493530; 1422576;22.77103940498597;0.004781249999999959;
1335926494532; 1445295;20.058024000643602;0.023343749999999996;
1335926495535; 1465375;20.058024000643602;0.003593750000000062;
1335926496537; 1485395;20.058024000643602;0.0033437499999999787;
1335926497539; 1505475;20.058024000643602;0.0024999999999999467;
1335926498541; 1525535;15.767003940804418;0.04187500000000011;
1335926499543; 1541203;15.767003940804418;0.00275000000000003;
1335926500545; 1556903;15.84583896050844;0.002874999999999961;
1335926501547; 1572825;15.957885962334094;0.00290625000000011;
1335926502549; 1576186;11.569758312589416;0.08568749999999992;
1335926503551; 1598341;11.569758312589416;0.1747812500000001;
1335926504553; 1609872;11.801153478841204;0.0021249999999999325;
1335926505555; 1621588;11.447118874475969;0.008625000000000105;
1335926506557; 1632896;11.447118874475969;0.0;
1335926507559; 1644272;11.447118874475969;0.0015624999999999112;
1335926508561; 1655656;11.447118874475969;0.004312499999999941;
1335926509563; 1667016;11.504354468848348;0.0017499999999999183;
1335926510566; 1678522;11.585702539429313;0.001875000000000071;
1335926511568; 1690084;11.238131463246434;0.008218749999999941;
1335926512571; 1701283;11.238131463246434;0.0023124999999999396;
1335926513573; 1712470;11.238131463246434;0.001343749999999977;
1335926514575; 1723635;11.238131463246434;6.87499999999952E-4;
1335926515578; 1734811;11.294322120562665;0.002031249999999929;
1335926516581; 1746029;11.520208562973918;7.187500000001013E-4;
1335926517583; 1757571;11.619976495698223;0.002031249999999929;
1335926518585; 1769073;11.736176260655206;0.0021249999999999325;
1335926519587; 1780777;11.86739070022893;0.0021562500000000817;
1335926520589; 1792671;12.460760235240377;0.0;
1335926521591; 1805037;12.625600598886619;0.002218749999999936;
1335926522593; 1817516;13.25688062883095;0.0021562500000000817;
1335926523596; 1830708;13.455733838263413;0.002375000000000016;
1335926524599; 1844138;14.128520530176583;0.0017499999999999183;
1335926525601; 1858166;14.36281553738373;0.002062500000000078;
1335926526603; 1872468;14.611586799888615;0.002562500000000023;
1335926527605; 1887015;14.173239195891956;0.005281249999999904;
1335926528608; 1901195;14.173239195891956;0.0014062500000000533;
1335926529610; 1915460;13.392683993799334;0.01796875000000009;
1335926530612; 1928764;13.392683993799334;0.0024375000000000924;
1335926531614; 1942150;13.392683993799334;0.0024687500000000195;
1335926532616; 1955522;13.392683993799334;0.0044999999999999485;
1335926533618; 1968906;13.45964741376833;0.002406249999999943;
1335926534620; 1982232;13.554821493354886;0.004874999999999963;
1335926535623; 1995782;14.164788460555854;0.0022812500000000124;
1335926536625; 2009786;14.306436345161414;0.004874999999999963;
1335926537629; 2024041;15.021758162419486;0.0025937499999999503;
1335926538632; 2039026;15.205736375106566;0.00275000000000003;
1335926539634; 2054298;15.966023193861895;0.002718750000000103;
1335926540637; 2070164;16.191816859241126;0.003062499999999968;
1335926541640; 2086394;17.00140770220318;0.0029375000000000373;
1335926542643; 2103411;17.27022356104364;0.003062499999999968;
1335926543645; 2120662;18.13373473909582;0.00290625000000011;
1335926544647; 2138644;18.44782023808673;0.003875000000000073;
1335926545649; 2157037;19.37021124999107;0.003593750000000062;
1335926546652; 2176445;20.338721812490622;0.0034374999999999822;
1335926547654; 2196835;20.73257946680523;0.0034687499999999094;
1335926548656; 2217442;20.110602082801073;0.006781249999999961;
1335926549658; 2237502;20.110602082801073;0.003718749999999993;
1335926550660; 2257542;20.110602082801073;0.0036875000000000657;
1335926551662; 2277602;19.50728402031704;0.005624999999999991;
1335926552664; 2297154;19.50728402031704;0.0031874999999998987;
1335926553666; 2316649;19.50728402031704;0.004968749999999966;
1335926554668; 2336261;19.50728402031704;0.0021249999999999325;
1335926555670; 2355737;19.604820440418624;0.002218749999999936;
1335926556672; 2375339;19.016675827206065;0.006062500000000082;
1335926557674; 2394301;19.016675827206065;0.002343750000000089;
1335926558677; 2413320;18.44617555238988;0.010468750000000027;
1335926559679; 2431769;18.44617555238988;0.003062499999999968;
1335926560681; 2450109;18.44617555238988;0.004312499999999941;
1335926561683; 2468487;18.44617555238988;0.0024687500000000195;
1335926562685; 2486899;18.53840643015183;0.0029375000000000373;
1335926563688; 2505376;18.669492759143356;0.003406250000000055;
1335926564690; 2524112;18.831175309195235;0.0034374999999999822;
1335926565692; 2542894;19.772734074655;0.0031874999999998987;
1335926566694; 2562548;15.05823876148103;0.0526875;
1335926567696; 2577578;15.811150699555082;0.002406249999999943;
1335926568699; 2593324;15.987924738388575;0.0028125000000001066;
1335926569702; 2609206;16.787320975308003;0.0027812499999999574;
1335926570704; 2625877;17.009396357706418;0.0029999999999998916;
1335926571706; 2642945;17.249945547874898;0.0031250000000000444;
1335926572709; 2660128;16.73244718143865;0.007093749999999899;
1335926573712; 2676864;16.73244718143865;0.0029999999999998916;
1335926574714; 2693606;16.73244718143865;0.0024687500000000195;
1335926575716; 2710242;16.73244718143865;0.0029687499999999645;
1335926576718; 2726944;16.816109417345842;0.004312499999999941;
1335926577720; 2743680;17.152431605692758;6.562500000000249E-4;
1335926578722; 2760720;17.30097602076481;0.003093749999999895;
1335926579724; 2777895;17.47398578097246;0.003218750000000048;
1335926580726; 2795321;17.910835425496767;0.003218750000000048;
1335926581728; 2813191;18.806377196771606;0.002718750000000103;
1335926582730; 2831859;18.24218588086846;0.0068749999999999645;
1335926583732; 2850066;18.24218588086846;0.003031250000000041;
1335926584734; 2868232;17.694920304442405;0.005968750000000078;
1335926585736; 2886032;17.694920304442405;0.0029687499999999645;
1335926586740; 2903675;17.694920304442405;0.003593750000000062;
1335926587742; 2921396;12.319744956973205;0.16912499999999997;
1335926588744; 2933634;12.319744956973205;0.18093749999999997;
1335926589747; 2945809;12.319744956973205;0.0019062499999999982;
1335926590749; 2958021;11.950152608264009;0.010999999999999899;
1335926591751; 2969890;11.950152608264009;0.0019687500000000746;
1335926592753; 2981736;11.950152608264009;0.0;
1335926593756; 2993630;11.950152608264009;0.0040000000000000036;
1335926594759; 3005476;12.009903371305327;0.0018437499999999218;
1335926595761; 3017536;12.250101438731434;4.062499999999414E-4;
1335926596763; 3029702;12.356190429180211;0.0029375000000000373;
1335926597765; 3042034;12.973999950639222;0.0022812500000000124;
1335926598767; 3054894;13.119053679787763;0.004031249999999931;
1335926599770; 3067920;13.775006363777152;0.002218749999999936;
1335926600772; 3081616;14.46375668196601;0.0019062499999999982;
1335926601775; 3096087;14.66830509059102;0.003374999999999906;
1335926602777; 3110719;15.401720345120571;0.0;
1335926603780; 3126069;13.018120767899529;0.028000000000000025;
1335926604782; 3139095;13.669026806294506;0.0022500000000000853;
1335926605784; 3152842;13.25895600210567;0.005406250000000057;
1335926606786; 3166047;13.25895600210567;0.002031249999999929;
1335926607788; 3179186;13.25895600210567;0.004281250000000014;
1335926608790; 3192378;13.25895600210567;0.0014062500000000533;
1335926609792; 3205609;13.325250782116196;0.0;
1335926610795; 3218770;12.92549325865271;0.006062500000000082;
1335926611797; 3231631;12.92549325865271;0.0018437499999999218;
1335926612800; 3244517;12.92549325865271;0.002375000000000016;
1335926613802; 3257428;12.92549325865271;0.0019062499999999982;
1335926614804; 3270249;12.990120724945971;0.0;
1335926615806; 3283109;13.081974749476384;0.004656250000000028;
1335926616809; 3296135;13.67066361320282;0.002406249999999943;
1335926617811; 3309838;13.807370249334848;0.004781249999999959;
1335926618814; 3323562;14.49773876180159;0.0024375000000000924;
1335926619816; 3337943;15.22262569989167;0.002375000000000016;
1335926620818; 3353139;15.424002109408338;0.0028125000000001066;
1335926621820; 3368471;16.195202214878755;0.0;
1335926622823; 3384653;15.709346148432392;0.005781250000000071;
1335926623825; 3400426;15.709346148432392;0.0;
1335926624827; 3416120;15.709346148432392;0.003031250000000041;
1335926625829; 3431754;15.709346148432392;0.0;
1335926626831; 3447463;15.787892879174551;0.0044999999999999485;
1335926627833; 3463223;16.10365073675804;3.124999999992717E-5;
1335926628836; 3479223;16.243112443075088;0.00275000000000003;
1335926629838; 3495437;17.055268065228844;0.001875000000000071;
1335926630840; 3512420;17.24595175907051;0.003875000000000073;
1335926631842; 3529688;18.10824934702404;0.0;
1335926632844; 3547739;16.634874728237317;0.019843749999999938;
1335926633846; 3564210;16.1358284863902;0.005937499999999929;
1335926634848; 3580290;16.1358284863902;0.00290625000000011;
1335926635851; 3596274;16.1358284863902;0.003531249999999986;
1335926636853; 3612402;16.1358284863902;0.0015000000000000568;
1335926637856; 3628370;16.21650762882215;0.0035000000000000586;
1335926638858; 3644616;16.540837781398594;0.0019062499999999982;
1335926639860; 3661114;16.044612647956637;0.006093750000000009;
1335926640862; 3677130;16.044612647956637;0.0027812499999999574;
1335926641864; 3693242;16.044612647956637;0.004250000000000087;
1335926642866; 3709210;16.044612647956637;0.0024999999999999467;
1335926643868; 3725306;16.12483571119642;0.0029999999999998916;
1335926644871; 3741307;16.447332425420345;0.0024999999999999467;
1335926645874; 3757646;15.953912452657734;0.005937499999999929;
1335926646876; 3773560;15.953912452657734;0.0017499999999999183;
1335926647879; 3789410;15.475295079078002;0.005624999999999991;
1335926648881; 3804822;15.475295079078002;0.002718750000000103;
1335926649883; 3820158;15.475295079078002;0.0027812499999999574;
1335926650885; 3835530;15.475295079078002;0.0026250000000000995;
1335926651887; 3850978;15.55267155447339;9.999999999998899E-4;
1335926652889; 3866458;15.086091407839188;0.006843750000000037;
1335926653892; 3881518;15.086091407839188;0.0;
1335926654894; 3896549;14.633508665604012;0.007468749999999913;
1335926655897; 3911081;14.633508665604012;0.0;
1335926656899; 3925568;14.633508665604012;0.003249999999999975;
1335926657901; 3940145;14.633508665604012;0.0024687500000000195;
1335926658904; 3954707;14.70667620893203;0.002562500000000023;
1335926659906; 3969393;10.547212230648224;0.09899999999999998;
1335926660910; 3979864;10.547212230648224;0.024562500000000043;
1335926661912; 3990451;10.547212230648224;0.04721875000000009;
1335926662914; 4000979;10.230795863728778;0.0078125;
1335926663916; 4011165;10.230795863728778;0.001374999999999904;
1335926664918; 4021341;10.230795863728778;0.0048437500000000355;
1335926665920; 4031548;10.230795863728778;0.0025937499999999503;
1335926666922; 4041744;10.281949843047421;0.0;
1335926667925; 4051899;10.35465420762581;0.0044999999999999485;
1335926668927; 4062273;10.044014581397036;0.0055312499999999876;
1335926669930; 4072293;10.044014581397036;0.0;
1335926670932; 4082333;10.044014581397036;0.0023124999999999396;
1335926671934; 4092353;9.742694143955125;0.005312500000000053;
1335926672936; 4102012;9.742694143955125;0.0;
1335926673938; 4111700;9.742694143955125;0.003531249999999986;
1335926674940; 4121438;9.742694143955125;0.0017812500000000675;
1335926675943; 4131098;9.7914076146749;0.0028437500000000338;
1335926676945; 4140798;9.860643321891883;0.004437500000000094;
1335926677947; 4150685;10.304372271377018;0.001687500000000064;
1335926678949; 4160855;8.657758914924152;0.028812499999999908;
1335926679951; 4169348;9.047358066095738;0.0;
1335926680953; 4178411;9.137831646756695;0.002218749999999936;
1335926681955; 4187429;9.59472322909453;0.0015624999999999112;
1335926682957; 4196934;10.074459390549258;0.0;
1335926683959; 4204934;10.20773196125332;0.002062500000000078;
1335926684962; 4217159;8.544491290250383;0.029343750000000002;
1335926685964; 4225662;8.28815655154287;0.006781249999999961;
1335926686966; 4233855;8.28815655154287;0.0;
1335926687968; 4242079;8.28815655154287;0.002187500000000009;
1335926688971; 4250272;8.28815655154287;0.0014374999999999805;
1335926689973; 4258460;8.329597334300585;0.0;
1335926690975; 4266666;8.412893307643591;0.0;
1335926691977; 4274988;8.485751100881066;0.00290625000000011;
1335926692979; 4283351;8.910038655925119;7.812499999999556E-4;
1335926693981; 4292203;9.355540588721375;0.0;
1335926694983; 4301551;9.4701220922727;0.003031250000000041;
1335926695986; 4310907;9.943628196886335;0.001531249999999984;
1335926696989; 4320741;10.084252335438658;0.0018124999999999947;
1335926697991; 4330791;10.588464952210591;0.0;
1335926698993; 4341316;10.755883283079848;0.00390625;
1335926699995; 4351995;11.293677447233842;0.001531249999999984;
1335926700997; 4363234;11.48928967866288;0.0017812500000000675;
1335926701999; 4374594;11.69641579393827;0.00275000000000003;
1335926703003; 4386291;12.281236583635184;0.0018124999999999947;
1335926704060; 4399196;12.519061707431446;0.004218749999999938;
1335926705062; 4411643;11.566378554990253;0.019437499999999996;
1335926706065; 4423174;12.144697482739767;0.0;
1335926707067; 4435217;12.387591432394563;0.001531249999999984;
1335926708069; 4447599;12.642968172008358;0.002062500000000078;
1335926709071; 4460103;10.6037797571683;0.02906249999999999;
1335926710073; 4470627;10.6037797571683;0.03496874999999999;
1335926711076; 4481151;11.133968745026717;0.001687500000000064;
1335926712079; 4492239;11.370155889060541;0.0022812500000000124;
1335926713081; 4503571;11.93866368351357;0.002031249999999929;
1335926714083; 4515417;12.205620319082014;0.0021249999999999325;
1335926715086; 4527619;12.485286214162436;0.0022500000000000853;
1335926716088; 4540003;13.109550524870558;0.0022500000000000853;
1335926717090; 4553029;13.765028051114086;0.0;
1335926718093; 4566697;14.102201001317354;0.0024375000000000924;
1335926719095; 4580725;14.807311051383223;0.0022812500000000124;
1335926720097; 4595438;15.18482489135743;0.0038124999999999964;
1335926721099; 4610634;14.729280144616705;0.011343749999999986;
1335926722101; 4625332;14.729280144616705;0.003406250000000055;
1335926723103; 4640045;14.729280144616705;0.002343750000000089;
1335926724105; 4654758;14.287401740278204;0.005281249999999904;
1335926725107; 4668958;14.287401740278204;0.0024687500000000195;
1335926726109; 4683173;14.287401740278204;0.0;
1335926727112; 4697375;14.287401740278204;0.003093749999999895;
1335926728114; 4711550;14.358838748979593;0.0014687499999999076;
1335926729117; 4725938;14.46037107147327;0.002874999999999961;
1335926730119; 4740307;14.585601558433725;0.004093750000000007;
1335926731122; 4754827;15.31488163635541;0.0020937500000000053;
1335926732125; 4770088;15.486107218386682;0.004031249999999931;
1335926733128; 4785408;16.260412579306017;0.0027812499999999574;
1335926734130; 4801606;16.475517618806766;0.002874999999999961;
1335926735132; 4818030;16.7085166234431;0.004593749999999952;
1335926736134; 4834726;12.118264803815876;0.0853124999999999;
1335926737137; 4846726;12.72417804400667;0.004468750000000021;
1335926738139; 4859473;12.72417804400667;0.015062499999999979;
1335926739141; 4872128;13.360386946207004;0.002375000000000016;
1335926740143; 4885499;13.571633212062983;0.004750000000000032;
1335926741145; 4899015;14.250214872666133;0.0018437499999999218;
1335926742147; 4913237;13.822708426486148;0.00649999999999995;
1335926743149; 4926909;13.822708426486148;0.002874999999999961;
1335926744151; 4940605;13.822708426486148;0.002531250000000096;
1335926745153; 4954301;13.822708426486148;0.0019374999999999254;
1335926746156; 4967997;13.891821968618578;0.001687500000000064;
1335926747159; 4981873;13.990051983789042;0.00275000000000003;
1335926748161; 4995749;14.619604323059548;0.0010937499999998934;
1335926749163; 5010338;14.18101619336776;0.005156249999999973;
1335926750165; 5024475;14.18101619336776;0.002562500000000023;
1335926751167; 5038668;14.18101619336776;0.0029999999999998916;
1335926752169; 5052890;14.18101619336776;0.0026250000000000995;
1335926753171; 5067042;14.251921274334597;0.0012812499999999005;
1335926754173; 5081292;14.352697576114785;0.0013125000000000497;
1335926755175; 5095622;14.476995583252293;0.0024375000000000924;
1335926756177; 5109992;15.200845362414908;0.0017812500000000675;
1335926757179; 5125218;15.37079598014402;0.002375000000000016;
1335926758181; 5140595;15.559049015602898;0.004124999999999934;
1335926759183; 5156123;12.941788964474647;0.030281250000000037;
1335926760185; 5168984;13.58887841269838;0.00406250000000008;
1335926761187; 5182461;14.2683223333333;0.002687499999999954;
1335926762189; 5196697;14.981738449999966;0.0019374999999999254;
1335926763191; 5211532;14.532286296499967;0.005656249999999918;
1335926764193; 5226044;14.532286296499967;0.0029999999999998916;
1335926765195; 5240567;14.532286296499967;0.0034687499999999094;
1335926766197; 5255135;14.532286296499967;0.001531249999999984;
1335926767199; 5269616;14.604947727982465;0.0028437500000000338;
1335926768201; 5284208;14.897046682542115;0.0016562499999999147;
1335926769203; 5299058;14.450135282065851;0.0055312499999999876;
1335926770205; 5313439;14.450135282065851;0.0024375000000000924;
1335926771207; 5327805;14.450135282065851;0.004343750000000091;
1335926772209; 5342146;14.016631223603875;0.014062500000000089;
1335926773211; 5356174;10.08092688988259;0.09515625000000005;
1335926774213; 5366200;10.08092688988259;0.03728124999999993;
1335926775216; 5376200;10.08092688988259;0.0017187499999999911;
1335926776219; 5386260;10.08092688988259;0.0;
1335926777221; 5396280;10.08092688988259;0.0015624999999999112;
1335926778223; 5406310;10.131331524332003;9.375000000000355E-4;
1335926779225; 5416320;10.333958154818644;0.0;
1335926780227; 5426651;10.023939410174085;0.005624999999999991;
1335926781229; 5436661;10.023939410174085;0.0015937500000000604;
1335926782231; 5446701;10.023939410174085;0.0015937500000000604;
1335926783233; 5456721;10.023939410174085;0.0019687500000000746;
1335926784236; 5466761;10.074059107224954;9.375000000000355E-4;
1335926785238; 5476770;9.771837334008206;0.013718750000000002;
1335926786240; 5486482;9.771837334008206;0.001531249999999984;
1335926787242; 5496190;9.771837334008206;0.0016562499999999147;
1335926788244; 5505858;9.771837334008206;0.0017812500000000675;
1335926789246; 5515576;9.820696520678245;0.0;
1335926790248; 5525254;9.890139331735712;0.002874999999999961;
1335926791250; 5535099;10.335195601663818;0.0016562499999999147;
1335926792252; 5545493;10.85195538174701;0.0;
1335926793254; 5556323;10.973283931358916;0.00406250000000008;
1335926794256; 5567190;11.521948127926862;0.001875000000000071;
1335926795258; 5578677;12.098045534323205;0.0;
1335926796260; 5590718;8.977133489592005;0.06634374999999992;
1335926797263; 5599634;8.977133489592005;0.0475000000000001;
1335926798266; 5608530;9.425990164071605;0.0;
1335926799268; 5617889;9.55929379535986;0.004687499999999956;
1335926800270; 5627397;10.037258485127854;8.749999999999591E-4;
1335926801272; 5637427;9.736140730574018;0.006250000000000089;
1335926802274; 5647115;9.736140730574018;0.001687500000000064;
1335926803276; 5656803;9.444056508656796;0.005312500000000053;
1335926804278; 5666169;9.444056508656796;0.0036875000000000657;
1335926805280; 5675489;9.444056508656796;0.0;
1335926806282; 5684835;9.444056508656796;0.0044999999999999485;
1335926807284; 5694191;9.491276791200079;0.0026250000000000995;
1335926808286; 5703576;9.68110232702408;8.749999999999591E-4;
1335926809289; 5713249;9.764943132542475;0.0037812500000000693;
1335926810291; 5722965;10.2531902891696;0.0016249999999999876;
1335926811294; 5733131;10.36782444153372;0.003031250000000041;
1335926812296; 5743493;10.886215663610407;0.0019062499999999982;
1335926813300; 5754360;11.030226760433052;0.004187500000000011;
1335926814302; 5765382;10.69931995762006;0.0060312499999999325;
1335926815305; 5776110;10.69931995762006;0.0032812499999999023;
1335926816307; 5786818;10.69931995762006;0.0019062499999999982;
1335926817309; 5797482;10.69931995762006;0.00275000000000003;
1335926818311; 5808156;10.75281655740816;0.0031250000000000444;
1335926819313; 5818877;10.967872888556323;0.0018437499999999218;
1335926820315; 5829711;11.062857454026007;0.002031249999999929;
1335926821317; 5840755;10.730971730405226;0.006156250000000085;
1335926822319; 5851412;10.730971730405226;7.187500000001013E-4;
1335926823321; 5862091;10.730971730405226;0.0019687500000000746;
1335926824323; 5872803;10.730971730405226;0.0021562500000000817;
1335926825325; 5883471;10.784626589057252;0.002187500000000009;
1335926826327; 5894150;11.000319120838398;0.0015000000000000568;
1335926827329; 5905205;11.095584678922217;0.0022812500000000124;
1335926828331; 5916205;11.650363912868329;3.4375000000008704E-4;
1335926829333; 5927776;11.78061894122725;0.0013125000000000497;
1335926830335; 5939456;11.924901467528116;0.0028437500000000338;
1335926831337; 5951280;12.521146540904523;0.0020000000000000018;
1335926832339; 5963829;13.147203867949749;0.0;
1335926833341; 5976889;13.344411925968993;0.0036562499999999165;
1335926834343; 5990234;14.011632522267444;0.0032812499999999023;
1335926835346; 6004248;14.712214148380816;0.0029687499999999645;
1335926836349; 6018912;15.447824855799858;0.0022812500000000124;
1335926837351; 6034339;14.984390110125862;0.005656249999999918;
1335926838353; 6049203;14.984390110125862;9.062500000001084E-4;
1335926839355; 6064096;14.984390110125862;0.0048437500000000355;
1335926840357; 6078930;14.984390110125862;0.004656250000000028;
1335926841359; 6093764;15.05931206067649;0.0017499999999999183;
1335926842361; 6107612;15.165797477457577;0.0029999999999998916;
1357042752508; 6750;10.0;0.0;
1357042754061; 20180;6.6945234615751925;1.7948942139318524;
1357042755299; 20730;6.410498885385658;0.013214316579717833;
1357042756301; 31207;6.410498885385658;0.2804922693845462;
1357042757303; 35373;4.57784143416627;0.105375;
1357042758310; 45629;4.57784143416627;0.22896874999999994;
1357042759313; 49800;4.57784143416627;0.642577460027826;
1357042760316; 51743;3.084239463040572;0.7076544852238824;
1357042761327; 57608;3.084239463040572;2.0378153346106105;
1357042762331; 61346;3.084239463040572;0.051431838952421094;
1357042763333; 63696;2.2443330359495652;0.08195206024477986;
1357042764336; 64757;2.2443330359495652;0.43349389124556903;
1357042765338; 67608;2.2443330359495652;0.22774119504085144;
1357042766340; 70913;1.5158369511825553;0.5720982319267622;
1357042767343; 72484;1.5158369511825553;0.1339385103879358;
1357042768346; 73831;1.5158369511825553;0.11253704832792066;
1357042769349; 74895;1.0648115299562855;0.13969930095813266;
1357042770352; 76305;1.0648115299562855;0.34157165949062396;
1357042771355; 77402;1.0648115299562855;0.3501141775758898;
1357042772358; 78460;0.723113488626966;0.40214542113050866;
1357042773360; 78466;0.723113488626966;0.7262864808906624;
1357042774362; 79962;0.723113488626966;0.0970158484725101;
1357042775364; 80432;0.48928031778638403;0.5018374350282044;
1357042776366; 80978;0.48928031778638403;0.08857959668540216;
1357042777369; 81522;0.48928031778638403;0.1655988829045152;
1357042778371; 82028;0.48928031778638403;0.004687499999999956;
1357042779374; 82120;0.33639131345275547;0.23973905523171046;
1357042780376; 82814;0.33639131345275547;0.07630351167076022;
1357042781379; 82869;0.33639131345275547;0.36521871100063463;
1357042782381; 83162;0.2341219821599511;0.17056468896640076;
1357042783383; 83409;0.2341219821599511;0.001531249999999984;
1357042784385; 83801;0.2341219821599511;0.35086525720099715;
1357042785388; 83998;0.1746996885769404;0.06287392993100438;
1357042786390; 84133;0.1746996885769404;0.2385429043272651;
1357042787393; 84256;0.1746996885769404;1.1724424402921412;
1357042788396; 84343;0.11868757116784143;0.393270756742502;
1357042789399; 84646;0.11868757116784143;2.4306242796554307;
1357042790402; 84646;0.11868757116784143;0.09741920455632247;
1357042791405; 84861;0.08143943843626238;0.25641210069430875;
1357042792408; 84909;0.08143943843626238;0.0850907488994268;
1357042793410; 84998;0.08143943843626238;1.7568709704592549;
1357042794413; 84998;0.08143943843626238;0.0;
1357042795416; 84998;0.054957616189440395;0.6126423856061891;
1357042796419; 85167;0.054957616189440395;1.5130572019325976;
1357042797422; 85249;0.054957616189440395;0.0785927672309068;
1357042798425; 85299;0.037136870898967014;0.5512739688409085;
1357042799428; 85299;0.037136870898967014;2.8175953001706624;
1357042800452; 85349;0.037136870898967014;0.27250421190718366;
1357042801526; 85407;0.025647735764850844;0.20867588069227438;
1357042802778; 85413;0.025647735764850844;0.10128374150720076;
1357042803859; 85461;0.025647735764850844;0.9871614631772867;
1357042804861; 85474;0.017447718461504096;0.36720622801074954;
1357042805864; 85488;0.017447718461504096;0.3582178698713625;
1357042806866; 85506;0.017447718461504096;0.8176429634129663;
1357042807868; 85514;0.011856788289811713;0.38776846966862144;
1357042808870; 85528;0.011856788289811713;0.295680496399908;
1357042809872; 85536;0.011856788289811713;0.3177339185090944;
1357042810996; 85546;0.00842523561917059;0.11385210751282027;
1357042812000; 85555;0.00842523561917059;0.38647835504688355;
1357042813002; 85562;0.00842523561917059;0.15846123949150526;
1357042814004; 85562;0.005665588408622226;0.8638669054360826;
1357042814172; 85571;0.005665588408622226;0.0;
1357042815006; 2;0.005665588408622226;0.0;
1357042815345; 4;0.005665588408622226;0.0;
1357042816010; 4;0.005665588408622226;0.0;
1357042816349; 4;0.005665588408622226;0.0;
1357042817012; 85578;0.005665588408622226;0.0;
1357042817351; 85578;0.005665588408622226;0.0;
1357042818015; 85591;0.005693916350665337;0.0;
1357042818354; 85591;0.005722385932418663;0.0;
1357042819019; 85591;0.00577960979174285;0.0;
1357042819356; 85591;0.005837405889660278;0.0;
1357042820022; 28;0.0059249669780051814;0.0;
1357042820393; 28;0.006013841482675259;0.0;
1357042821026; 33;0.0061341183123287644;0.0;
1357042821396; 85607;0.00625680067857534;0.0;
1357042822028; 85607;0.006413220695539723;0.0;
1357042822398; 85607;0.006573551212928215;0.0;
1357042823030; 85607;0.006770757749316062;0.0;
1357042823400; 85607;0.006973880481795544;0.0;
1357042824032; 85628;0.007217966298658387;0.0;
1357042824402; 85628;0.00747059511911143;0.0;
1357042825034; 64;0.007769418923875887;0.0;
1357042825404; 64;0.008080195680830923;0.0;
1357042826037; 64;0.008443804486468314;0.0;
1357042826407; 64;0.008823775688359388;0.0;
1357042827040; 85654;0.009264964472777358;0.0;
1357042827409; 85654;0.009728212696416227;0.0;
1357042828043; 85664;0.010214623331237039;0.0;
1357042828412; 85664;0.010725354497798892;0.0;
1357042829045; 85671;0.011261622222688837;0.0;
1357042829414; 85678;0.011824703333823279;0.0;
1357042830048; 85678;0.012415938500514444;0.0;
1357042830417; 85678;0.013036735425540166;0.0;
1357042831051; 101;0.013688572196817175;0.0;
1357042831419; 101;0.014373000806658034;0.0;
1357042832054; 101;0.015091650846990937;0.0;
1357042832421; 143;0.015846233389340485;0.0;
1357042833057; 143;0.01663854505880751;0.0;
1357042833423; 85733;0.017470472311747885;0.0;
1357042834302; 85733;0.01834399592733528;0.0;
1357042834425; 85733;0.019261195723702045;0.0;
1357042835304; 169;0.020224255509887146;0.0;
1357042835427; 169;0.021235468285381504;0.0;
1357042836308; 169;0.02229724169965058;0.0;
1357042836430; 169;0.02341210378463311;0.0;
1357042837310; 236;0.024582708973864765;0.0;
1357042837433; 236;0.025811844422558003;0.0;
1357042838313; 236;0.027102436643685904;0.0;
1357042838435; 236;0.028457558475870202;0.0;
1357042839768; 85878;0.0291249473796768;8.884987123922716E-4;
1357042839769; 85878;0.03058119474866064;8.884987123922716E-4;
1357042840771; 85878;0.03211025448609367;0.0;
1357042840772; 85878;0.03371576721039835;0.0;
1357042841774; 362;0.03540155557091827;0.0;
1357042841776; 362;0.03717163334946419;0.0;
1357042842776; 379;0.0390302150169374;0.0;
1357042842778; 379;0.04098172576778428;0.0;
1357045208402; 24250;10.0;1.7184889432987016;
1357045209404; 28430;6.687251460816047;2.428977411051993;
1357045210406; 37787;6.687251460816047;0.28332022492864484;
1357045211408; 43530;6.687251460816047;0.510270156935992;
1357045212411; 43530;4.670883392776749;0.15718750000000004;
1357045213413; 54880;4.670883392776749;0.31014612171007383;
1357045214416; 61413;4.670883392776749;0.4598765379569041;
1357045215418; 66091;3.373235704892207;0.09006249999999993;
1357045216421; 69462;3.373235704892207;0.23114063503531557;
1357045217424; 70400;3.373235704892207;0.06310839391851797;
1357045218426; 74991;2.252603285521115;4.462563220511706;
1357045219428; 77438;2.252603285521115;0.44474496668257446;
1357045220430; 77438;2.252603285521115;0.22831522255453507;
1357045221433; 80577;1.529335962523591;0.40807381693223466;
1357045222435; 80577;1.529335962523591;0.9431315292981111;
1357045223438; 84910;1.529335962523591;0.3729147141735547;
1357045224440; 86556;1.0330223306066744;0.5678921034307451;
1357045225443; 86900;1.0330223306066744;0.4072078676634625;
1357045226446; 88072;1.0330223306066744;0.22804086335564877;
1357045227448; 89552;0.7055910566266386;0.30545615012949323;
1357045228493; 90171;0.7055910566266386;0.18548849864632766;
1357045229495; 90904;0.7055910566266386;0.310559150217542;
1357045230497; 91737;0.4737574994460663;1.048906038800753;
1357045231500; 92060;0.4737574994460663;0.09292519770027163;
1357045232502; 92514;0.4737574994460663;0.8483719013196636;
1357045233505; 93042;0.3205802511773165;0.4995420398859418;
1357045234507; 93044;0.3205802511773165;0.13535263595641056;
1357045235510; 93614;0.3205802511773165;0.07663453107048368;
1357045236513; 93704;0.22861244793419083;0.10763302892088222;
1357045237515; 94073;0.22861244793419083;0.2801416597168158;
1357045238518; 94074;0.22861244793419083;0.7005657157884642;
1357045239520; 94450;0.1668310578465605;0.07925406102511601;
1357045240523; 94615;0.1668310578465605;0.07398035030920513;
1357045241526; 94869;0.1668310578465605;0.14663630316141107;
1357045242529; 94883;0.12106158863121246;0.08476426915272794;
1357045243532; 94972;0.12106158863121246;0.5563775527760642;
1357045244535; 95237;0.12106158863121246;0.14574140054038454;
1357045245538; 95350;0.08129133827059003;1.0371743684314647;
1357045246543; 95373;0.08129133827059003;0.9274991408020479;
1357045247546; 95439;0.08129133827059003;0.18393832209733718;
1357045248549; 95491;0.05569340971280548;0.2711185800935634;
1357045249552; 95584;0.05569340971280548;0.42685539416270557;
1357045250554; 95643;0.05569340971280548;0.2246989326775204;
1357045251557; 95643;0.03754483335793827;0.6695632787883059;
1357045252559; 95643;0.03754483335793827;3.116896116632838;
1357045253561; 95753;0.03754483335793827;0.1895275376157306;
1357045254571; 95795;0.026184601710981054;0.16257217020963055;
1357045255578; 95821;0.026184601710981054;0.17554312294818297;
1357045256580; 95821;0.026184601710981054;0.11152208939183605;
1357045257584; 95882;0.017621821621441387;0.7914558580155979;
1357045258586; 95897;0.017621821621441387;1.197941123531737;
1357045259588; 95912;0.017621821621441387;0.09830186725603962;
1357045260590; 95912;0.01226418757686725;0.17065272043990132;
1357045261593; 95932;0.01226418757686725;1.1427608396711242;
1357045262596; 95932;0.01226418757686725;0.8790062861256851;
1357045263599; 95932;0.01226418757686725;0.0;
1357045264010; 95932;0.01226418757686725;0.0;
1357045264601; 95957;0.01226418757686725;0.0;
1357045265151; 95957;0.01226418757686725;0.0;
1357045265603; 95957;0.01226418757686725;0.0;
1357045266154; 95972;0.01226418757686725;0.0;
1357045266606; 95997;0.012325508514751584;0.0;
1357045267156; 95997;0.012325508514751584;0.0;
1357045267608; 95997;0.0124487635998991;0.0;
1357045268158; 96015;0.012511007417898595;0.0;
1357045268611; 96015;0.012698672529167072;0.0;
1357045269162; 96015;0.012825659254458744;0.0;
1357045269614; 53;0.013082172439547918;0.0;
1357045270165; 53;0.013278405026141136;0.0;
1357045270617; 83;0.013610365151794663;0.0;
1357045271168; 83;0.013882572454830556;0.0;
1357045271619; 83;0.014299049628475472;0.0;
1357045272170; 96044;0.014656525869187358;0.0;
1357045272628; 96044;0.015169504274608914;0.0;
1357045273173; 96044;0.015624589402847182;0.0;
1357045273630; 96091;0.01624957297896107;0.0;
1357045274175; 96091;0.016818308033224705;0.0;
1357045274632; 145;0.017575131894719816;0.0;
1357045275196; 161;0.01827813717050861;0.0;
1357045275634; 96121;0.01919204402903404;0.0;
1357045276198; 96121;0.020055686010340572;0.0;
1357045276636; 96121;0.021058470310857603;0.0;
1357045277200; 96121;0.022111393826400483;0.0;
1357045277639; 96172;0.02321696351772051;0.0;
1357045278203; 96185;0.024377811693606536;0.0;
1357045278641; 96185;0.025596702278286865;0.0;
1357045279238; 225;0.026876537392201208;0.0;
1357045279643; 225;0.02822036426181127;0.0;
1357045280241; 225;0.029631382474901834;0.0;
1357045280646; 290;0.031112951598646927;0.0;
1357045281244; 306;0.032668599178579276;0.0;
1357045281649; 96263;0.03430202913750824;0.0;
1357045282246; 96263;0.036017130594383655;0.0;
1357045282652; 326;0.037817987124102836;0.0;
1357045283248; 326;0.03970888648030798;0.0;
1357045283654; 96358;0.04055123916741576;0.0015000000000000568;
1357045284251; 96358;0.04257880112578655;0.0;
1357045284658; 96358;0.04470774118207588;0.0;
1357045285254; 96411;0.046943128241179674;0.0;
1357045285661; 96411;0.04929028465323866;0.0;
1357045286256; 96469;0.051754798885900594;0.0;
1357045286664; 96469;0.05434253883019562;0.0;
1357045287258; 96469;0.0570596657717054;0.0;
1357045287666; 96469;0.059912649060290674;0.0;
1357045288261; 96528;0.06290828151330521;0.0;
1357045288669; 96528;0.06605369558897048;0.0;
1357045289672; 96577;0.06935638036841901;0.0;
1357045290675; 96721;0.07282419938683997;0.0;
1357045291677; 96721;0.07646540935618197;0.0;
1357045292680; 96721;0.08028867982399107;0.0;
1357045293682; 96721;0.08430311381519062;0.0;
1357045294684; 96721;0.08851826950595015;0.0;
1357045295686; 96721;0.09294418298124767;0.0;
