1335925606009; 1; 1.0; 300000; 0.0; 0.0; 0; 0; 0
1335925607015; 503; 1.0; 300000; 0.0; 0.0; 0; 0; 0
1335925608030; 2004; 1.0; 300000; 0.0; 0.0; 0; 0; 0
1335925609032; 3023; 1.0; 300000; 0.0; 0.0; 0; 0; 0
1335925610035; 4022; 1.0; 300000; 0.0; 0.0; 0; 0; 0
1335925611037; 5028; 1.0; 300000; 0.0; 0.0; 0; 0; 0
1335925612039; 6031; 1.005; 300000; 0.0; 0.0; 0; 0; 0
1335925613041; 7028; 1.01505; 300000; 0.0; 0.0; 0; 0; 0
1335925614044; 8035; 1.03027575; 300000; 0.0; 0.0; 0; 0; 0
1335925615047; 9038; 1.050881265; 300000; 0.0; 0.0; 0; 0; 0
1335925616049; 10038; 1.0771532966249997; 300000; 0.0; 0.0; 0; 0; 0
1335925617051; 11039; 1.1094678955237498; 300000; 0.0; 0.0; 0; 0; 0
1335925618055; 12055; 1.148299271867081; 300000; 0.0; 0.0; 0; 0; 0
1335925619057; 13220; 1.1942312427417643; 300000; 0.0; 0.0; 0; 0; 0
1335925620060; 14389; 1.2479716486651435; 300000; 0.0; 0.0; 0; 0; 0
1335925621063; 15568; 1.3103702310984007; 300000; 0.0; 0.0; 0; 0; 0
1335925622065; 16906; 1.3758887426533208; 300000; 0.0; 0.0; 0; 0; 0
1335925623068; 18251; 1.444683179785987; 300000; 0.0; 0.0; 0; 0; 0
1335925624070; 19752; 1.5169173387752863; 300000; 0.0; 0.0; 0; 0; 0
1335925625073; 21260; 1.5927632057140508; 300000; 0.0; 0.0; 0; 0; 0
1335925626076; 22919; 1.6724013659997534; 300000; 0.0; 0.0; 0; 0; 0
1335925627079; 24601; 1.7560214342997411; 300000; 0.0; 0.0; 0; 0; 0
1335925628081; 26431; 1.8438225060147282; 300000; 0.0; 0.0; 0; 0; 0
1335925629084; 28275; 1.9360136313154648; 300000; 0.0; 0.0; 0; 0; 0
1335925630087; 30281; 2.032814312881238; 300000; 0.0; 0.0; 0; 0; 0
1335925631089; 32069; 2.1344550285253; 300000; 6.250000000007638E-5; 0.010625000000012985; 170; 0; 0
1335925632539; 35466; 2.1833615372037816; 300000; 6.250000000007638E-5; 0.00812500000000993; 130; 0; 0
1335925633541; 37651; 2.292529614063971; 300000; 0.0; 0.0; 0; 0; 0
1335925634544; 39991; 2.4071560947671693; 300000; 0.0; 0.0; 0; 0; 0
1335925635547; 42498; 2.5275138995055277; 300000; 0.0; 0.0; 0; 0; 0
1335925636550; 45074; 2.653889594480804; 300000; 0.0; 0.0; 0; 0; 0
1335925637552; 47743; 2.7865840742048444; 300000; 0.0; 0.0; 0; 0; 0
1335925638555; 50584; 2.925913277915087; 300000; 0.0; 0.0; 0; 0; 0
1335925639557; 53590; 3.0722089418108416; 300000; 0.0; 0.0; 0; 0; 0
1335925640560; 56765; 3.225819388901384; 300000; 0.0; 0.0; 0; 0; 0
1335925641563; 60106; 3.3871103583464532; 300000; 0.0; 0.0; 0; 0; 0
1335925642565; 63616; 3.556465876263776; 300000; 0.0; 0.0; 0; 0; 0
1335925643567; 67311; 3.734289170076965; 300000; 4.062499999999414E-4; 0.12187499999998241; 300; 0; 0
1335925644570; 71157; 3.841548460465943; 300000; 0.0; 0.0; 0; 0; 0
1335925645573; 75173; 4.033625883489241; 300000; 0.0; 0.0; 0; 0; 0
1335925646575; 79339; 4.235307177663703; 300000; 0.0; 0.0; 0; 0; 0
1335925647577; 83680; 4.447072536546888; 300000; 0.0; 0.0; 0; 0; 0
1335925648579; 88360; 4.669426163374233; 300000; 0.0; 0.0; 0; 0; 0
1335925649581; 93199; 4.9028974715429445; 300000; 0.0; 0.0; 0; 0; 0
1335925650583; 98227; 5.148042345120092; 300000; 6.562500000000249E-4; 0.19687500000000746; 300; 0; 0
1335925651586; 103409; 5.310837738135834; 300000; 0.0; 0.0; 0; 0; 0
1335925652588; 108929; 5.576379625042626; 300000; 0.0; 0.0; 0; 0; 0
1335925653590; 114764; 5.855198606294757; 300000; 0.0; 0.0; 0; 0; 0
1335925654592; 120781; 6.1479585366094955; 300000; 0.0; 0.0; 0; 0; 0
1335925655594; 127152; 6.455356463439971; 300000; 0.0; 0.0; 0; 0; 0
1335925656597; 133868; 6.77812428661197; 300000; 2.8125000000001066E-4; 0.0843750000000032; 300; 0; 0
1335925657599; 140854; 7.00798166450416; 300000; 0.0; 0.0; 0; 0; 0
1335925658601; 148212; 7.358380747729369; 300000; 0.0; 0.0; 0; 0; 0
1335925659603; 155904; 7.726299785115837; 300000; 0.0; 0.0; 0; 0; 0
1335925660606; 163920; 8.112614774371629; 300000; 3.1249999999993783E-4; 0.09374999999998135; 300; 0; 0
1335925661609; 172302; 8.399439020377246; 300000; 0.0; 0.0; 0; 0; 0
1335925662615; 180988; 8.819410971396108; 300000; 0.0; 0.0; 0; 0; 0
1335925663618; 190191; 9.260381519965915; 300000; 0.0; 0.0; 0; 0; 0
1335925664620; 199909; 9.723400595964211; 300000; 9.687499999999627E-4; 0.2906249999999888; 300; 0; 0
1335925665623; 209949; 10.080661146336004; 300000; 0.0; 0.0; 0; 0; 0
1335925666626; 220500; 10.584694203652804; 300000; 0.0; 0.0; 0; 0; 0
1335925667629; 231527; 11.113928913835444; 300000; 6.562500000000249E-4; 0.19687500000000746; 300; 0; 0
1335925668632; 243066; 11.533470529959574; 300000; 0.0; 0.0; 0; 0; 0
1335925669634; 255102; 12.110144056457553; 300000; 0.0; 0.0; 0; 0; 0
1335925670637; 267772; 12.715651259280431; 300000; 0.0018124999999999947; 0.5437499999999984; 300; 0; 0
1335925671639; 280936; 13.208126314914177; 300000; 0.0; 0.0; 0; 0; 0
1335925672642; 289279; 13.868532630659885; 300000; 1.875000000000071E-4; 0.05625000000000213; 300; 0; 0
1335925673644; 309240; 14.414537306333914; 300000; 0.0015700000000000713; 0.06602666666664891; 300; 0; 0
1335925674647; 323968; 14.986596520983248; 300000; 6.250000000007638E-5; 0.018750000000022915; 300; 0; 0
1335925675653; 340004; 15.73592634703241; 300000; 0.019312500000000066; 0.4696249999999764; 300; 3; 0
1335925676656; 355199; 15.263848556621438; 300000; 0.023218750000000066; 2.0810937500000026; 300; 102; 0
1335925677658; 369664; 14.500656128790366; 300000; 0.00896874999999997; 0.4169062499999958; 300; 0; 0
1335925678723; 384190; 14.500656128790366; 300000; 4.999999999999449E-4; 0.03549999999999609; 71; 0; 0
1335925679726; 399670; 14.500656128790366; 300000; 0.043749999999999956; 3.9423749999999567; 529; 154; 0
1335925680729; 412557; 12.981539772440904; 300000; 0.0; 0.0; 0; 0; 0
1335925681731; 416536; 12.981539772440904; 300000; 0.008406249999999948; 0.8557812499999919; 131; 0; 0
1335925682733; 438502; 12.981539772440904; 300000; 0.31781250000000005; 78.13315624999974; 469; 469; 469
1335925683736; 447493; 9.06282520986533; 300000; 0.0; 0.0; 0; 0; 0
1335925684752; 456706; 9.06282520986533; 300000; 0.019156249999999986; 2.0003750000000022; 246; 94; 0
1335925685754; 465385; 8.79094045356937; 300000; 0.0015937500000000604; 0.5333750000000201; 354; 0; 0
1335925686756; 474062; 8.79094045356937; 300000; 0.0; 0.0; 0; 0; 0
1335925687758; 482759; 8.79094045356937; 300000; 0.004124999999999934; 0.1069375000000039; 131; 0; 0
1335925688760; 491447; 8.79094045356937; 300000; 6.250000000007638E-5; 0.01053125000001276; 169; 0; 0
1335925689766; 500336; 8.834895155837215; 300000; 0.001343749999999977; 0.40312499999999307; 300; 0; 0
1335925690768; 509135; 8.897367298594862; 300000; 0.0; 0.0; 0; 0; 0
1335925691770; 518325; 9.29774882703163; 300000; 0.0036249999999999893; 0.149250000000005; 131; 0; 0
1335925692772; 527713; 9.390726315301945; 300000; 0.002562500000000023; 0.20493750000001443; 169; 0; 0
1335925693774; 537549; 9.860262631067043; 300000; 4.999999999999449E-4; 0.14999999999998348; 300; 0; 0
1335925694777; 544843; 10.353275762620395; 300000; 0.005249999999999977; 0.055624999999998925; 37; 0; 0
1335925695779; 558407; 10.490236727234224; 300000; 0.0970312499999999; 9.44015624999991; 263; 94; 0
1335925696781; 566391; 8.07461055655066; 300000; 8.43750000000032E-4; 0.2531250000000096; 300; 0; 0
1335925697783; 574754; 8.478341084378194; 300000; 0.0; 0.0; 0; 0; 0
1335925698785; 583606; 8.902258138597103; 300000; 0.012062500000000087; 0.13609374999999968; 131; 1; 0
1335925699787; 592143; 8.63519039443919; 300000; 0.007437499999999986; 0.7775000000000072; 169; 0; 0
1335925700790; 600687; 8.63519039443919; 300000; 3.750000000000142E-4; 0.11250000000000426; 300; 0; 0
1335925701792; 609207; 8.63519039443919; 300000; 9.062500000001084E-4; 0.026281250000001366; 37; 0; 0
1335925702794; 617718; 8.63519039443919; 300000; 0.001687500000000064; 0.2017500000000072; 262; 0; 0
1335925703796; 626397; 8.678366346411385; 300000; 0.006718750000000107; 0.2145937499999857; 301; 0; 0
1335925704799; 635103; 8.739731663343072; 300000; 0.0; 0.0; 0; 0; 0
1335925705801; 644128; 9.133019588193509; 300000; 0.0016562499999999147; 0.03624999999999834; 37; 0; 0
1335925706803; 653312; 9.224349784075445; 300000; 0.002718750000000103; 0.1759999999999997; 263; 0; 0
1335925707806; 662521; 9.327481149902587; 300000; 7.187500000001013E-4; 0.1875937500000293; 300; 0; 0
1335925708808; 672261; 9.793855207397717; 300000; 0.0; 0.0; 0; 0; 0
1335925709810; 681559; 10.283547967767603; 300000; 0.16456249999999994; 15.342406250000034; 236; 199; 72
1335925710812; 688936; 7.480600914393297; 300000; 0.16456249999999994; 4.896500000000038; 322; 62; 22
1335925711814; 697115; 7.480600914393297; 300000; 2.1874999999993427E-4; 0.008968749999997305; 41; 0; 0
1335925712816; 705028; 7.854630960112962; 300000; 0.001374999999999904; 0.027562500000000156; 37; 0; 0
1335925713819; 712870; 7.965712216425236; 300000; 0.0; 0.0; 0; 0; 0
1335925714822; 721226; 8.363997827246498; 300000; 0.003968750000000076; 0.4332500000000261; 563; 0; 0
1335925715824; 729607; 8.496244244640492; 300000; 0.0; 0.0; 0; 0; 0
1335925716827; 738488; 8.921056456872517; 300000; 0.0016249999999999876; 0.025843749999999277; 37; 0; 0
1335925717899; 748166; 9.075573687277453; 300000; 0.003218750000000048; 0.26612500000000194; 200; 0; 0
1335925718901; 757341; 9.239185918696107; 300000; 0.0846562500000001; 0.5078124999999818; 363; 5; 0
1335925719904; 764536; 7.250833984181587; 300000; 0.0; 0.0; 0; 0; 0
1335925720907; 772056; 7.613375683390666; 300000; 0.001343749999999977; 0.02546874999999882; 37; 0; 0
1335925721909; 779754; 7.755808900210885; 300000; 0.003218750000000048; 0.16562500000000124; 258; 0; 0
1335925722911; 787592; 7.905999493745305; 300000; 0.014781249999999968; 0.15703125000000573; 305; 1; 0
1335925723913; 795256; 7.668819508932946; 300000; 0.0; 0.0; 0; 0; 0
1335925724916; 802966; 7.668819508932946; 300000; 0.001343749999999977; 0.031843749999999504; 37; 0; 0
1335925725918; 810624; 7.668819508932946; 300000; 0.0028125000000001066; 0.3806249999999789; 258; 0; 0
1335925726921; 818323; 7.668819508932946; 300000; 0.00374999999999992; 0.35240624999999115; 305; 0; 0
1335925727923; 825976; 7.70716360647761; 300000; 0.0; 0.0; 0; 0; 0
1335925728925; 833849; 7.861306878607162; 300000; 0.001374999999999904; 0.02768749999999942; 37; 0; 0
1335925729928; 841683; 7.929387793245354; 300000; 0.00290625000000011; 0.20937500000000164; 171; 0; 0
1335925730931; 849747; 8.008681671177808; 300000; 0.003218750000000048; 0.0965625000000001; 392; 0; 0
1335925731933; 857723; 8.098221454312359; 300000; 0.0; 0.0; 0; 0; 0
1335925732936; 866253; 8.503132527027978; 300000; 0.001531249999999984; 0.03915624999999978; 37; 0; 0
1335925733938; 874766; 8.615618397185678; 300000; 0.0031250000000000444; 0.12540625000000039; 258; 0; 0
1335925734940; 883461; 8.737461641040989; 300000; 0.0012812499999999005; 0.03306250000000088; 305; 0; 0
1335925735942; 892636; 9.174334723093038; 300000; 0.0; 0.0; 0; 0; 0
1335925736944; 902218; 9.63305145924769; 300000; 0.0015000000000000568; 0.028687500000001087; 37; 0; 0
1335925737946; 911868; 9.792797545630242; 300000; 0.004187500000000011; 0.25856250000000225; 263; 0; 0
1335925738948; 921752; 9.962413774602917; 300000; 0.011343749999999986; 0.4224687499999713; 300; 1; 0
1335925739951; 931247; 9.663541361364828; 300000; 0.001031250000000039; 0.038156250000001446; 37; 0; 0
1335925740953; 940799; 9.663541361364828; 300000; 0.002718750000000103; 0.206125000000007; 263; 0; 0
1335925741955; 950294; 9.663541361364828; 300000; 0.0014062500000000533; 0.12287499999998253; 300; 0; 0
1335925742957; 959843; 9.663541361364828; 300000; 0.0; 0.0; 0; 0; 0
1335925743960; 969547; 9.711859068171652; 300000; 0.0019687500000000746; 0.03768749999999965; 37; 0; 0
1335925744963; 979253; 9.780532282221975; 300000; 0.003093749999999895; 0.7550312500000094; 563; 0; 0
1335925745965; 989107; 9.865234176411356; 300000; 0.0; 0.0; 0; 0; 0
1335925746967; 999407; 10.358495885231925; 300000; 0.0011562499999999698; 0.03974999999999973; 37; 0; 0
1335925747970; 1009776; 10.474307389952077; 300000; 0.0025937499999999503; 0.550718749999977; 562; 0; 0
1335925748972; 1020341; 10.602590932524306; 300000; 0.0017499999999999183; 0.0017499999999999183; 1; 0; 0
1335925749974; 1031319; 11.132720479150521; 300000; 0.0014687499999999076; 0.04709374999999727; 37; 0; 0
1335925750976; 1043005; 11.689356503108048; 300000; 0.006406249999999947; 1.0553437499999971; 563; 0; 0
1335925751978; 1054875; 11.864696850654667; 300000; 0.0; 0.0; 0; 0; 0
1335925752980; 1067224; 12.457931693187401; 300000; 0.006843750000000037; 0.43174999999999897; 295; 0; 0
1335925753982; 1079775; 12.6645231186383; 300000; 0.0020937500000000053; 0.07374999999998044; 305; 0; 0
1335925754984; 1092996; 13.297749274570215; 300000; 0.002375000000000016; 0.018000000000002236; 37; 0; 0
1335925755986; 1106492; 13.53747785885885; 300000; 0.0036562499999999165; 0.3594062500000266; 563; 0; 0
1335925756988; 1120160; 13.79074087900329; 300000; 0.0; 0.0; 0; 0; 0
1335925757991; 1134612; 14.480277922953455; 300000; 0.005281249999999904; 0.6347499999999977; 300; 0; 0
1335925758993; 1149280; 14.769883481412524; 300000; 0.002562500000000023; 0.722031249999983; 300; 0; 0
1335925759995; 1164778; 15.508377655483152; 300000; 0.00665625000000003; 0.3962812499999919; 298; 0; 0
1335925760997; 1180648; 15.837360025644974; 300000; 0.0020937500000000053; 0.41634374999997137; 302; 0; 0
1335925761999; 1197150; 16.629228026927223; 300000; 0.005281249999999904; 0.6824375000000042; 300; 0; 0
1335925763001; 1214201; 17.001068869742763; 300000; 7.500000000000284E-4; 0.22428125000000843; 300; 0; 0
1335925764004; 1232085; 17.8511223132299; 300000; 0.01431249999999995; 0.553562500000002; 300; 2; 0
1335925765006; 1249277; 17.315588643833003; 300000; 0.002874999999999961; 0.9185937499999859; 337; 0; 0
1335925766008; 1266542; 17.315588643833003; 300000; 0.005843749999999925; 1.377437500000003; 563; 0; 0
1335925767010; 1283712; 17.315588643833003; 300000; 0.002062500000000078; 0.07631250000000289; 37; 0; 0
1335925768013; 1300920; 17.315588643833003; 300000; 0.003593750000000062; 0.8785625000000035; 563; 0; 0
1335925769015; 1318303; 17.402166587052164; 300000; 0.0017187499999999911; 0.06281250000000149; 37; 0; 0
1335925770017; 1336043; 17.750209918793207; 300000; 0.005843749999999925; 1.1429374999999924; 563; 0; 0
1335925771019; 1353859; 17.90393124591502; 300000; 0.003031250000000041; 0.10981250000000142; 37; 0; 0
1335925772021; 1372668; 18.799127808210773; 300000; 0.011687500000000073; 0.8997187500000088; 563; 1; 0
1335925773023; 1390833; 18.23515397396445; 300000; 0.00621874999999994; 0.8163437500000206; 300; 0; 0
1335925774025; 1408980; 18.23515397396445; 300000; 0.0063750000000000195; 1.110187499999993; 300; 0; 0
1335925775027; 1427272; 18.23515397396445; 300000; 0.005312500000000053; 0.7029687499999817; 600; 0; 0
1335925776030; 1445474; 18.23515397396445; 300000; 0.003062499999999968; 0.11331249999999882; 37; 0; 0
1335925777032; 1463706; 18.326329743834272; 300000; 0.0055312499999999876; 0.7989999999999555; 563; 0; 0
1335925778034; 1482008; 18.455916464195532; 300000; 0.001343749999999977; 0.048937500000000966; 37; 0; 0
1335925779036; 1501278; 19.28643270508433; 300000; 0.00681250000000011; 1.2246874999999917; 563; 0; 0
1335925780038; 1520614; 19.479297032135175; 300000; 0.006625000000000103; 0.7840000000000016; 300; 0; 0
1335925781040; 1540992; 20.453261883741934; 300000; 0.00374999999999992; 0.47278125000001014; 337; 0; 0
1335925782043; 1562396; 21.475924977929033; 300000; 0.010499999999999954; 1.8758437499999825; 563; 5; 0
1335925783045; 1583066; 20.831647228591162; 300000; 0.005843749999999925; 1.0144374999999946; 300; 0; 0
1335925784047; 1603797; 20.831647228591162; 300000; 0.003062499999999968; 0.2275937500000078; 337; 0; 0
1335925785049; 1624549; 20.831647228591162; 300000; 0.006968749999999968; 1.486937500000011; 563; 0; 0
1335925786051; 1645238; 20.831647228591162; 300000; 0.005656249999999918; 0.6056250000000203; 295; 0; 0
1335925787053; 1666135; 20.935805464734116; 300000; 0.003031250000000041; 0.928999999999977; 340; 0; 0
1335925788055; 1687444; 21.354521574028798; 300000; 0.0061875000000000124; 1.3413125000000083; 565; 0; 0
1335925789057; 1709068; 21.539457155716516; 300000; 0.005937499999999929; 0.5455624999999968; 295; 0; 0
1335925790059; 1731639; 22.61643001350234; 300000; 0.0038437499999999236; 1.0476562500000222; 342; 0; 0
1335925791062; 1755289; 23.74725151417746; 300000; 0.2798750000000001; 15.368249999999955; 461; 137; 43
1335925792064; 1772046; 16.67999592733203; 300000; 0.28431249999999997; 17.621343749999987; 302; 62; 62
1335925793068; 1788843; 16.67999592733203; 300000; 0.01159375000000007; 0.7107812499999995; 400; 1; 0
1335925794070; 1804977; 16.179596049512067; 300000; 0.008531250000000101; 0.5802187500000009; 294; 0; 0
1335925795073; 1821208; 16.179596049512067; 300000; 0.003374999999999906; 0.14159375000001306; 306; 0; 0
1335925796076; 1837438; 16.179596049512067; 300000; 0.005312500000000053; 0.4296875000000073; 294; 0; 0
1335925797078; 1853684; 16.179596049512067; 300000; 0.005812499999999998; 0.8019999999999996; 306; 0; 0
1335925798081; 1869818; 16.260494029759627; 300000; 0.0027812499999999574; 0.5729374999999945; 294; 0; 0
1335925799083; 1886371; 16.58570391035482; 300000; 0.0015000000000000568; 0.21353125000001594; 306; 0; 0
1335925800086; 1903613; 17.332060586320786; 300000; 0.005937499999999929; 0.7379999999999991; 294; 0; 0
1335925801088; 1921180; 17.505381192183993; 300000; 0.0027812499999999574; 0.54449999999999; 306; 0; 0
1335925802090; 1939475; 18.380650251793192; 300000; 0.004999999999999893; 1.2032500000000022; 501; 0; 0
1335925803092; 1958052; 18.605766323080456; 300000; 0.0029687499999999645; 0.38284374999999526; 136; 0; 0
1335925804094; 1977588; 19.53605463923448; 300000; 0.00681250000000011; 1.1127500000000126; 464; 0; 0
1335925805096; 1997336; 19.81233617349515; 300000; 0.005843749999999925; 0.9463125000000041; 393; 0; 0
1335925806098; 2018004; 20.80295298216991; 300000; 0.003718749999999993; 0.9200937499999897; 306; 0; 0
1335925807100; 2039876; 21.843100631278407; 300000; 0.007281249999999906; 0.7767187500000166; 501; 0; 0
1335925808102; 2062041; 22.205327476538038; 300000; 0.00881249999999989; 0.924781250000007; 393; 0; 0
1335925809104; 2084589; 22.58993503041873; 300000; 0.0017812500000000675; 0.3008750000000151; 343; 0; 0
1335925810106; 2108423; 23.719431781939665; 300000; 0.008375000000000021; 0.7313750000000065; 563; 0; 0
1335925811108; 2132455; 24.163181717624543; 300000; 0.004687499999999956; 0.7723749999999936; 501; 0; 0
1335925812110; 2157735; 25.37134080350577; 300000; 0.008531250000000101; 1.3940625000000129; 393; 0; 0
1335925813113; 2183724; 25.878767619575886; 300000; 0.004281250000000014; 1.082062500000004; 343; 0; 0
1335925814116; 2210999; 27.17270600055468; 300000; 0.0078125; 1.5306874999999966; 567; 0; 0
1335925815118; 2238669; 27.7491261408401; 300000; 0.004687499999999956; 1.362656250000017; 596; 0; 0
1335925816120; 2267803; 29.136582447882105; 300000; 0.13212500000000005; 3.141937500000007; 501; 51; 6
1335925817123; 2289393; 21.62961686607205; 300000; 0.0078125; 1.029875000000004; 393; 0; 0
1335925818125; 2312009; 22.71109770937565; 300000; 0.0038124999999999964; 0.6135624999999858; 343; 0; 0
1335925819128; 2335885; 23.846652594844432; 300000; 0.006000000000000005; 1.5174687500000015; 563; 0; 0
1335925820130; 2360361; 24.39304804778038; 300000; 0.003875000000000073; 1.271281249999987; 500; 0; 0
1335925821132; 2385813; 25.6127004501694; 300000; 0.0044999999999999485; 0.9434999999999996; 393; 0; 0
1335925822134; 2412083; 26.22687143124984; 300000; 0.004750000000000032; 0.9707187499999697; 343; 0; 0
1335925823136; 2438971; 26.86929595681124; 300000; 0.009812500000000002; 1.0270624999999936; 594; 0; 0
1335925824138; 2466577; 27.54102835573152; 300000; 0.005125000000000046; 1.7363750000000273; 569; 0; 0
1335925825140; 2495412; 28.918079773518098; 300000; 0.019906250000000014; 1.6683125000000008; 600; 1; 0
1335925826142; 2523440; 28.050537380312555; 300000; 0.009218750000000053; 1.0003125000000315; 501; 0; 0
1335925827145; 2551524; 28.050537380312555; 300000; 0.008874999999999966; 1.9497500000000012; 600; 0; 0
1335925828147; 2579608; 28.050537380312555; 300000; 0.008000000000000007; 1.2933750000000022; 393; 0; 0
1335925829150; 2607664; 28.050537380312555; 300000; 0.008874999999999966; 2.1181249999999885; 600; 0; 0
1335925830152; 2635857; 28.190790067214113; 300000; 0.005656249999999918; 0.6024062500000036; 343; 0; 0
1335925831154; 2664730; 28.754605868558397; 300000; 0.00621874999999994; 2.42428125000002; 600; 0; 0
1335925832156; 2693788; 29.003628060138205; 300000; 0.03468749999999998; 2.310750000000009; 588; 22; 0
1335925833159; 2721537; 27.69715832769955; 300000; 0.005406250000000057; 1.3441562499999782; 575; 0; 0
1335925834161; 2750380; 28.94353045244603; 300000; 0.06334375000000003; 6.059781250000057; 600; 143; 0
1335925835164; 2779330; 28.94353045244603; 300000; 0.006562500000000027; 1.1368437500000197; 501; 0; 0
1335925836166; 2809600; 30.390706975068333; 300000; 0.016812499999999897; 1.5900312500000133; 600; 26; 0
1335925837169; 2839058; 29.478985765816283; 300000; 0.01040624999999995; 1.5624687499999919; 600; 9; 0
1335925838172; 2867364; 28.22829832156566; 300000; 0.008937500000000043; 0.9586249999999947; 393; 0; 0
1335925839175; 2895614; 28.22829832156566; 300000; 0.0060312499999999325; 1.5443749999999923; 439; 0; 0
1335925840178; 2923780; 28.22829832156566; 300000; 0.0104375000000001; 2.333875000000014; 504; 11; 0
1335925841180; 2951220; 27.381449371918688; 300000; 0.005249999999999977; 1.5723124999999651; 588; 0; 0
1335925842182; 2978660; 27.381449371918688; 300000; 0.0078125; 1.0440312499999542; 575; 0; 0
1335925843184; 3005992; 27.381449371918688; 300000; 0.009562499999999918; 1.549531250000031; 501; 0; 0
1335925844186; 3033322; 27.381449371918688; 300000; 0.005281249999999904; 0.8081562499999908; 600; 0; 0
1335925845189; 3060955; 27.518356618778277; 300000; 0.008750000000000036; 1.1019062500000023; 393; 0; 0
1335925846191; 3088646; 27.712940784500756; 300000; 0.005406250000000057; 1.8204374999999942; 510; 0; 0
1335925847193; 3117624; 28.96002311980329; 300000; 0.00521875000000005; 0.5601249999999842; 433; 0; 0
1335925848195; 3147986; 30.408024275793455; 300000; 0.005125000000000046; 1.423218749999976; 600; 0; 0
1335925849197; 3179948; 31.92842548958313; 300000; 0.005937499999999929; 2.2138125000000057; 600; 0; 0
1335925850199; 3212025; 32.31946724328289; 300000; 0.005781250000000071; 1.6885312500000145; 600; 0; 0
1335925851201; 3245928; 33.935440605447035; 300000; 0.005968750000000078; 1.6419375000000025; 600; 0; 0
1335925852205; 3280499; 34.415360208940335; 300000; 0.00621874999999994; 2.7331562499999933; 696; 0; 0
1335925853207; 3315473; 34.93159061207444; 300000; 0.00649999999999995; 1.2032187500000298; 761; 0; 0
1335925854211; 3350917; 35.48390755520799; 300000; 0.0063750000000000195; 2.7919062499999514; 805; 0; 0
1335925855213; 3388194; 37.25810293296839; 300000; 0.013906250000000009; 1.600249999999979; 602; 4; 0
1335925856215; 3424122; 36.140359844979336; 300000; 0.006156250000000085; 3.0456249999999967; 699; 0; 0
1335925857218; 3460194; 36.140359844979336; 300000; 0.008000000000000007; 1.2101249999999788; 600; 0; 0
1335925858221; 3496482; 36.140359844979336; 300000; 0.012499999999999956; 3.4047499999999724; 625; 2; 0
1335925859223; 3531412; 35.05614904962996; 300000; 0.006250000000000089; 1.879593749999982; 612; 0; 0
1335925860225; 3566622; 35.05614904962996; 300000; 0.012812499999999893; 3.2118749999999894; 600; 2; 0
1335925861227; 3600554; 34.00446457814106; 300000; 0.17918750000000006; 27.288218750000013; 696; 207; 207
1335925862230; 3625199; 24.567345993322697; 300000; 0.0040000000000000036; 1.0650625000000136; 492; 0; 0
1335925863233; 3646055; 24.567345993322697; 300000; 0.08506250000000004; 1.5683749999999945; 466; 18; 0
1335925864235; 3674272; 24.567345993322697; 300000; 0.29318749999999993; 26.79659375; 403; 143; 135
1335925865237; 3691524; 17.216170410441872; 300000; 0.002687499999999954; 0.7241875000000109; 306; 0; 0
1335925866239; 3708741; 17.216170410441872; 300000; 0.006718750000000107; 0.8859375000000069; 478; 0; 0
1335925867241; 3725907; 17.216170410441872; 300000; 0.002062500000000078; 0.25162500000000954; 122; 0; 0
1335925868243; 3743073; 17.216170410441872; 300000; 0.0031250000000000444; 1.1677812500000195; 500; 0; 0
1335925869245; 3760333; 17.30225126249408; 300000; 0.0017812500000000675; 0.32015625000001213; 185; 0; 0
1335925870247; 3777904; 17.648296287743964; 300000; 0.0031874999999998987; 0.8219687500000143; 415; 0; 0
1335925871249; 3795574; 17.801135016930974; 300000; 0.0025937499999999503; 0.4924999999999857; 394; 0; 0
1335925872251; 3814274; 18.691191767777525; 300000; 0.002375000000000016; 0.4003750000000128; 216; 0; 0
1335925873253; 3833777; 19.6257513561664; 300000; 0.0038437499999999236; 0.6755624999999998; 384; 0; 0
1335925874256; 3853651; 19.866116739373116; 300000; 0.0031250000000000444; 0.8836250000000132; 306; 0; 0
1335925875258; 3874611; 20.85942257634177; 300000; 0.004031249999999931; 1.3074687500000004; 500; 0; 0
1335925876260; 3895599; 21.15441935944911; 300000; 0.007500000000000062; 1.0197812500000016; 394; 0; 0
1335925877262; 3917023; 21.471735649840845; 300000; 0.0013125000000000497; 0.35287500000001426; 306; 0; 0
1335925878265; 3939631; 22.54532243233289; 300000; 0.0061875000000000124; 1.088062500000004; 500; 0; 0
1335925879267; 3962420; 22.919194308761046; 300000; 0.006781249999999961; 1.0002187499999935; 394; 0; 0
1335925880270; 3985758; 23.316166398874223; 300000; 0.0037812500000000693; 0.9590000000000332; 439; 0; 0
1335925881272; 4010094; 24.481974718817934; 300000; 0.008124999999999938; 1.0702812499999943; 467; 0; 0
1335925882274; 4035003; 24.939990526565325; 300000; 0.004375000000000018; 1.4979062499999993; 500; 0; 0
1335925883276; 4061116; 26.18699005289359; 300000; 0.005937499999999929; 1.781750000000012; 577; 0; 0
1335925884278; 4087862; 26.710729853951463; 300000; 0.0750312500000001; 3.4841250000000143; 416; 50; 0
1335925885280; 4109322; 21.367100571771246; 300000; 0.0036249999999999893; 0.8067499999999876; 306; 0; 0
1335925886282; 4131635; 22.43545560035981; 300000; 0.003875000000000073; 0.7238125000000011; 500; 0; 0
1335925887284; 4154560; 22.897974366355502; 300000; 0.005374999999999908; 0.5718437499999811; 394; 0; 0
1335925888286; 4177936; 23.383713754852074; 300000; 0.004124999999999934; 1.3919687499999787; 389; 0; 0
1335925889288; 4202458; 24.55289944259468; 300000; 0.008999999999999897; 0.9365624999999778; 517; 0; 0
1335925890291; 4227583; 25.101918964578267; 300000; 0.004437500000000094; 1.4585625000000209; 500; 0; 0
1335925891293; 4253941; 26.35701491280718; 300000; 0.0034374999999999822; 1.4006250000000104; 578; 0; 0
1335925892295; 4281632; 27.67486565844754; 300000; 0.004562500000000025; 0.6970312499999951; 416; 0; 0
1335925893298; 4307980; 28.338485624088676; 300000; 0.005781250000000071; 0.9325000000000274; 531; 0; 0
1335925894300; 4339127; 29.032633922710815; 300000; 0.18484374999999997; 7.414281249999956; 458; 34; 34
1335925895303; 4360045; 20.92574741456587; 300000; 0.009906250000000005; 1.2994687499999982; 517; 0; 0
1335925896305; 4381857; 21.972034785294163; 300000; 0.0038437499999999236; 0.9497499999999934; 478; 0; 0
1335925897307; 4404995; 23.07063652455887; 300000; 0.004218749999999938; 0.4611875000000092; 382; 0; 0
1335925898309; 4428476; 23.658824653707534; 300000; 0.0036562499999999165; 0.9186874999999932; 340; 0; 0
1335925899312; 4453402; 24.84176588639291; 300000; 0.004812500000000108; 0.759093749999995; 500; 0; 0
1335925900314; 4478795; 25.499017233023746; 300000; 0.002687499999999954; 0.9573124999999922; 578; 0; 0
1335925901316; 4505545; 26.773968094674935; 300000; 0.004562500000000025; 1.219093749999996; 382; 0; 0
1335926318100; 1; 1.0; 300000; 0.0; 0.0; 0; 0; 0
1335926319103; 998; 1.0; 300000; 0.0; 0.0; 0; 0; 0
1335926320104; 2001; 1.0; 300000; 0.0; 0.0; 0; 0; 0
1335926321106; 3007; 1.0; 300000; 0.0; 0.0; 0; 0; 0
1335926322108; 4009; 1.0; 300000; 0.0; 0.0; 0; 0; 0
1335926323111; 5012; 1.0; 300000; 0.0; 0.0; 0; 0; 0
1335926324114; 6015; 1.005; 300000; 0.0; 0.0; 0; 0; 0
1335926325116; 7014; 1.01505; 300000; 0.0; 0.0; 0; 0; 0
1335926326119; 8017; 1.03027575; 300000; 0.0; 0.0; 0; 0; 0
1335926327128; 9024; 1.050881265; 300000; 0.0; 0.0; 0; 0; 0
1335926328130; 10027; 1.0771532966249997; 300000; 0.0; 0.0; 0; 0; 0
1335926329133; 11031; 1.1094678955237498; 300000; 0.0; 0.0; 0; 0; 0
1335926330136; 12043; 1.148299271867081; 300000; 0.0; 0.0; 0; 0; 0
1335926331139; 13217; 1.1942312427417643; 300000; 0.0; 0.0; 0; 0; 0
1335926332141; 14378; 1.2479716486651435; 300000; 0.0; 0.0; 0; 0; 0
1335926333143; 15557; 1.3103702310984007; 300000; 0.0; 0.0; 0; 0; 0
1335926334145; 16893; 1.3758887426533208; 300000; 0.0; 0.0; 0; 0; 0
1335926335147; 18235; 1.444683179785987; 300000; 0.0; 0.0; 0; 0; 0
1335926336149; 19739; 1.5169173387752863; 300000; 0.0; 0.0; 0; 0; 0
1335926337151; 21240; 1.5927632057140508; 300000; 0.0; 0.0; 0; 0; 0
1335926338153; 22909; 1.6724013659997534; 300000; 0.0; 0.0; 0; 0; 0
1335926339156; 24577; 1.7560214342997411; 300000; 0.0; 0.0; 0; 0; 0
1335926340158; 26411; 1.8438225060147282; 300000; 0.0; 0.0; 0; 0; 0
1335926341160; 28302; 1.9360136313154648; 300000; 0.0; 0.0; 0; 0; 0
1335926342163; 30306; 2.032814312881238; 300000; 0.0; 0.0; 0; 0; 0
1335926343166; 32052; 2.1344550285253; 300000; 4.6875000000001776E-4; 0.017343750000000657; 165; 0; 0
1335926344169; 34522; 2.1833615372037816; 300000; 4.6875000000001776E-4; 0.018656250000000707; 135; 0; 0
1335926345172; 36697; 2.292529614063971; 300000; 0.0; 0.0; 0; 0; 0
1335926346174; 39041; 2.4071560947671693; 300000; 0.0; 0.0; 0; 0; 0
1335926347176; 41534; 2.5275138995055277; 300000; 0.0; 0.0; 0; 0; 0
1335926348179; 44043; 2.653889594480804; 300000; 0.0; 0.0; 0; 0; 0
1335926349181; 46719; 2.7865840742048444; 300000; 0.0; 0.0; 0; 0; 0
1335926350183; 48674; 2.925913277915087; 300000; 0.0; 0.0; 0; 0; 0
1335926351186; 52703; 3.0722089418108416; 300000; 0.0; 0.0; 0; 0; 0
1335926352188; 55869; 3.225819388901384; 300000; 0.0; 0.0; 0; 0; 0
1335926353190; 59210; 3.3871103583464532; 300000; 0.0; 0.0; 0; 0; 0
1335926354193; 62714; 3.556465876263776; 300000; 0.0; 0.0; 0; 0; 0
1335926355196; 66447; 3.734289170076965; 300000; 0.0017499999999999183; 0.03287500000002108; 300; 0; 0
1335926356198; 70283; 3.841548460465943; 300000; 0.0; 0.0; 0; 0; 0
1335926357200; 74275; 4.033625883489241; 300000; 0.0; 0.0; 0; 0; 0
1335926358202; 78457; 4.235307177663703; 300000; 0.0; 0.0; 0; 0; 0
1335926359205; 82803; 4.447072536546888; 300000; 0.0; 0.0; 0; 0; 0
1335926360207; 87475; 4.669426163374233; 300000; 0.0; 0.0; 0; 0; 0
1335926361209; 92339; 4.9028974715429445; 300000; 0.0; 0.0; 0; 0; 0
1335926362212; 97374; 5.148042345120092; 300000; 0.002031249999999929; 0.21768750000002202; 234; 0; 0
1335926363215; 102538; 5.310837738135834; 300000; 0.002031249999999929; 0.05675000000000585; 66; 0; 0
1335926364217; 108046; 5.576379625042626; 300000; 0.0; 0.0; 0; 0; 0
1335926365219; 113916; 5.855198606294757; 300000; 0.0; 0.0; 0; 0; 0
1335926366221; 119934; 6.1479585366094955; 300000; 0.0; 0.0; 0; 0; 0
1335926367223; 126264; 6.455356463439971; 300000; 0.0; 0.0; 0; 0; 0
1335926368225; 132963; 6.77812428661197; 300000; 0.001031250000000039; 0.273562500000031; 300; 0; 0
1335926369227; 139984; 7.00798166450416; 300000; 0.0; 0.0; 0; 0; 0
1335926370230; 147321; 7.358380747729369; 300000; 0.0; 0.0; 0; 0; 0
1335926371233; 155021; 7.726299785115837; 300000; 0.0; 0.0; 0; 0; 0
1335926372236; 163063; 8.112614774371629; 300000; 0.0014062500000000533; 0.39562500000001655; 300; 0; 0
1335926373240; 171443; 8.399439020377246; 300000; 0.0; 0.0; 0; 0; 0
1335926374242; 180131; 8.819410971396108; 300000; 0.0; 0.0; 0; 0; 0
1335926375244; 189316; 9.260381519965915; 300000; 0.0; 0.0; 0; 0; 0
1335926376247; 199043; 9.723400595964211; 300000; 6.562500000000249E-4; 0.19687500000000746; 300; 0; 0
1335926377249; 209023; 10.080661146336004; 300000; 0.0; 0.0; 0; 0; 0
1335926378251; 219536; 10.584694203652804; 300000; 0.0; 0.0; 0; 0; 0
1335926379253; 230609; 11.113928913835444; 300000; 1.2499999999993072E-4; 0.03749999999997922; 300; 0; 0
1335926380255; 242137; 11.533470529959574; 300000; 0.0; 0.0; 0; 0; 0
1335926381257; 254149; 12.110144056457553; 300000; 0.0; 0.0; 0; 0; 0
1335926382259; 262303; 12.715651259280431; 300000; 5.312500000000941E-4; 0.15937500000002824; 300; 0; 0
1335926383261; 280249; 13.208126314914177; 300000; 0.0; 0.0; 0; 0; 0
1335926384264; 294153; 13.868532630659885; 300000; 0.0016562499999999147; 0.4968749999999744; 300; 0; 0
1335926385266; 305435; 14.414537306333914; 300000; 0.002666666666666595; 0.11405999999998429; 218; 0; 0
1335926386269; 323620; 14.986596520983248; 300000; 0.10396874999999994; 5.5835262499999985; 246; 75; 6
1335926387271; 330124; 10.71179035975298; 300000; 0.11706250000000007; 1.6403437500000002; 136; 21; 6
1335926388274; 345088; 10.71179035975298; 300000; 0.08953125000000006; 25.649625000000093; 300; 300; 0
1335926389276; 355751; 10.71179035975298; 300000; 0.002031249999999929; 0.11899999999998512; 298; 0; 0
1335926390281; 366960; 11.247379877740629; 300000; 0.001875000000000071; 0.24831250000000926; 134; 0; 0
1335926391284; 378728; 11.809748871627662; 300000; 0.002062500000000078; 0.31556250000001196; 168; 0; 0
1335926392286; 390866; 12.285815068356362; 300000; 0.00924999999999998; 0.32325000000001936; 300; 0; 0
1335926393289; 402792; 11.917240616305671; 300000; 0.0104375000000001; 0.3654687499999911; 300; 2; 0
1335926394291; 413991; 11.321378585490386; 300000; 0.0; 0.0; 0; 0; 0
1335926395293; 425209; 11.321378585490386; 300000; 0.011624999999999996; 0.5439999999999885; 300; 1; 0
1335926396307; 436066; 10.981737227925674; 300000; 0.008406249999999948; 0.660687500000021; 300; 0; 0
1335926397309; 446707; 10.515821576141175; 300000; 0.0; 0.0; 0; 0; 0
1335926398311; 450696; 10.515821576141175; 300000; 0.012531250000000105; 0.31596874999998414; 253; 4; 0
1335926399314; 467365; 10.20034692885694; 300000; 0.1301874999999999; 5.656999999999928; 346; 46; 43
1335926400316; 474530; 7.191987288933218; 300000; 0.0; 0.0; 0; 0; 0
1335926401318; 481702; 7.191987288933218; 300000; 0.02356249999999993; 1.2235625000000006; 204; 53; 0
1335926402321; 488903; 7.191987288933218; 300000; 9.375000000000355E-4; 0.04978125000000255; 96; 0; 0
1335926403324; 496069; 7.191987288933218; 300000; 0.003218750000000048; 0.04543750000000224; 300; 0; 0
1335926404326; 503249; 7.191987288933218; 300000; 0.0; 0.0; 0; 0; 0
1335926405328; 510443; 7.227947225377883; 300000; 0.0; 0.0; 0; 0; 0
1335926406330; 517653; 7.300226697631662; 300000; 0.0016562499999999147; 0.15674999999999772; 254; 0; 0
1335926407333; 524999; 7.363448515367006; 300000; 0.002375000000000016; 0.05562499999999582; 46; 0; 0
1335926408335; 532321; 7.437083000520676; 300000; 0.005312500000000053; 0.18381250000000593; 300; 0; 0
1335926409337; 539501; 7.213970510505056; 300000; 0.0; 0.0; 0; 0; 0
1335926410339; 546695; 7.213970510505056; 300000; 0.0026562500000000266; 0.284687499999996; 234; 0; 0
1335926411342; 553860; 7.213970510505056; 300000; 0.003593750000000062; 0.10068750000000137; 66; 0; 0
1335926412344; 561053; 7.213970510505056; 300000; 0.001031250000000039; 0.13196874999998354; 300; 0; 0
1335926413346; 568254; 7.250040363057581; 300000; 0.0; 0.0; 0; 0; 0
1335926414348; 575605; 7.395041170318732; 300000; 0.0; 0.0; 0; 0; 0
1335926415350; 583106; 7.505966787873513; 300000; 0.019031250000000055; 0.8607500000000028; 300; 19; 0
1335926416352; 589955; 6.975988837333998; 300000; 0.0; 0.0; 0; 0; 0
1335926417355; 597154; 7.289908335014027; 300000; 0.0015937500000000604; 0.0032812499999999023; 300; 0; 0
1335926418358; 604514; 7.362807418364167; 300000; 0.0; 0.0; 0; 0; 0
1335926419360; 612190; 7.730947789282376; 300000; 0.0015624999999999112; 0.13809374999999746; 254; 0; 0
1335926420362; 619874; 7.825632175841574; 300000; 0.0013125000000000497; 0.05862499999999926; 46; 0; 0
1335926421365; 628039; 8.216913784633652; 300000; 0.028124999999999956; 0.5363437499999719; 300; 8; 0
1335926422367; 634887; 6.938727195912865; 300000; 0.0; 0.0; 0; 0; 0
1335926423370; 642059; 7.285663555708508; 300000; 0.004968749999999966; 0.16759375000000354; 204; 0; 0
1335926424372; 649441; 7.388698397822212; 300000; 0.0016249999999999876; 0.08212500000000089; 96; 0; 0
1335926425374; 657117; 7.758133317713323; 300000; 0.0053437499999999805; 0.39328125000001446; 300; 0; 0
1335926426376; 664615; 7.525389318181923; 300000; 0.0; 0.0; 0; 0; 0
1335926427378; 672115; 7.525389318181923; 300000; 0.0; 0.0; 0; 0; 0
1335926428381; 679019; 7.525389318181923; 300000; 0.12975000000000003; 2.561843750000002; 250; 20; 20
1335926429384; 683430; 5.30692194692598; 300000; 0.13546875000000003; 2.8080937500000003; 21; 21; 21
1335926430386; 690096; 5.30692194692598; 300000; 0.2689999999999999; 15.53859375000004; 329; 324; 29
1335926431388; 695302; 5.30692194692598; 300000; 0.0; 0.0; 0; 0; 0
1335926432391; 700490; 5.30692194692598; 300000; 0.0; 0.0; 0; 0; 0
1335926433394; 705678; 5.30692194692598; 300000; 9.375000000000355E-4; 0.06181250000000493; 204; 0; 0
1335926434396; 711020; 5.33345655666061; 300000; 8.43750000000032E-4; 0.027406250000000743; 49; 0; 0
1335926435398; 716356; 5.440125687793822; 300000; 7.500000000000284E-4; 0.03487500000000221; 47; 0; 0
1335926436400; 722030; 5.684931343744544; 300000; 4.062499999999414E-4; 0.09403124999998136; 300; 0; 0
1335926437403; 727876; 5.969177910931771; 300000; 0.0; 0.0; 0; 0; 0
1335926438405; 734079; 6.26763680647836; 300000; 0.0; 0.0; 0; 0; 0
1335926439407; 740405; 6.455665910672711; 300000; 0.0019687500000000746; 0.14878124999999764; 230; 0; 0
1335926440409; 746912; 6.541066343407497; 300000; 0.0010937499999998934; 0.012749999999999817; 23; 0; 0
1335926441412; 753795; 6.8681196605778725; 300000; 0.004687499999999956; 0.21903125000003132; 347; 0; 0
1335926442414; 760623; 6.97114145548654; 300000; 0.0; 0.0; 0; 0; 0
1335926443417; 767825; 7.319698528260868; 300000; 0.0; 0.0; 0; 0; 0
1335926444419; 775478; 7.685683454673912; 300000; 0.0014062500000000533; 0.17937500000000406; 253; 0; 0
1335926445421; 783202; 7.8188033970177795; 300000; 9.687499999999627E-4; 0.04553124999999825; 47; 0; 0
1335926446423; 791343; 8.209743566868669; 300000; 9.687499999999627E-4; 0.2890312499999892; 300; 0; 0
1335926447425; 799873; 8.620230745212103; 300000; 0.0; 0.0; 0; 0; 0
1335926448427; 808927; 9.051242282472709; 300000; 0.0016249999999999876; 0.22156249999999322; 253; 0; 0
1335926449429; 818065; 9.232267128122164; 300000; 0.0017812500000000675; 0.35575000000001; 347; 0; 0
1335926450432; 827424; 9.422595190787991; 300000; 0.0; 0.0; 0; 0; 0
1335926451434; 837308; 9.89372495032739; 300000; 0.0021249999999999325; 0.26109374999999235; 230; 0; 0
1335926452437; 847338; 10.10935368649571; 300000; 0.0018437499999999218; 0.12115624999999541; 70; 0; 0
1335926453439; 857885; 10.614821370820497; 300000; 0.01156249999999992; 0.3774999999999695; 300; 1; 0
1335926454441; 868077; 10.296376729695881; 300000; 0.0034374999999999822; 0.3365312499999975; 230; 0; 0
1335926455443; 878269; 10.296376729695881; 300000; 0.0015000000000000568; 0.08993750000000356; 70; 0; 0
1335926456445; 888439; 10.296376729695881; 300000; 9.062500000001084E-4; 0.104031250000026; 300; 0; 0
1335926457447; 898648; 10.296376729695881; 300000; 0.0014374999999999805; 0.32168749999999324; 230; 0; 0
1335926458449; 909000; 10.347858613344359; 300000; 0.0016562499999999147; 0.11118749999999866; 70; 0; 0
1335926459451; 919333; 10.421029023306913; 300000; 7.187500000001013E-4; 0.15965625000002825; 300; 0; 0
1335926460453; 930200; 10.889975329355723; 300000; 0.0017187499999999911; 0.15559374999999642; 204; 0; 0
1335926461456; 941067; 10.99887508264928; 300000; 0.001875000000000071; 0.06656249999999742; 96; 0; 0
1335926462458; 952067; 11.121846244453442; 300000; 0.0015937500000000604; 0.25390625000000955; 300; 0; 0
1335926463461; 963753; 11.677938556676114; 300000; 0.002062500000000078; 0.24312500000000004; 230; 0; 0
1335926464463; 975491; 11.8324231629104; 300000; 0.002375000000000016; 0.047718749999999144; 70; 0; 0
1335926465465; 987337; 11.999758896037655; 300000; 0.0014374999999999805; 0.42834374999999447; 300; 0; 0
1335926466467; 999829; 12.599746840839538; 300000; 0.002062500000000078; 0.26578124999999786; 253; 0; 0
1335926467469; 1012552; 12.798966330632359; 300000; 0.05656250000000007; 2.539062499999919; 347; 47; 0
1335926468471; 1022104; 9.664044559041006; 300000; 0.0; 0.0; 0; 0; 0
1335926469473; 1032125; 10.147246786993056; 300000; 0.0018437499999999218; 0.19393750000000298; 253; 0; 0
1335926470475; 1042300; 10.315519838231035; 300000; 0.001187499999999897; 0.2930000000000068; 347; 0; 0
1335926471478; 1053012; 10.831295830142587; 300000; 0.0; 0.0; 0; 0; 0
1335926472481; 1064399; 11.372860621649716; 300000; 0.002062500000000078; 0.21868750000000725; 253; 0; 0
1335926473484; 1075892; 11.585627361418446; 300000; 0.0019687500000000746; 0.26068749999998486; 347; 0; 0
1335926474487; 1087974; 12.164908729489369; 300000; 0.0; 0.0; 0; 0; 0
1335926475489; 1100668; 12.773154165963838; 300000; 0.004656250000000028; 0.3705000000000034; 253; 0; 0
1335926476491; 1113668; 13.036479484956672; 300000; 0.0021562500000000817; 0.2745937500000104; 347; 0; 0
1335926477493; 1127358; 13.688303459204507; 300000; 0.004093750000000007; 0.4716249999999982; 246; 0; 0
1335926478496; 1141220; 13.98663311664046; 300000; 0.001531249999999984; 0.0694062500000241; 354; 0; 0
1335926479498; 1155972; 14.685964772472484; 300000; 0.0044999999999999485; 0.4891249999999878; 230; 0; 0
1335926480500; 1170957; 15.022462498589034; 300000; 0.0025937499999999503; 0.7174999999999796; 370; 0; 0
1335926481503; 1186721; 15.773585623518487; 300000; 0.0028437500000000338; 0.38100000000001044; 212; 0; 0
1335926482505; 1202731; 16.151822919363198; 300000; 0.0034374999999999822; 0.14259374999998076; 388; 0; 0
1335926483507; 1219293; 16.547460165045504; 300000; 0.003031250000000041; 0.215656250000007; 230; 0; 0
1335926484510; 1236676; 17.37483317329778; 300000; 0.003093749999999895; 0.5391875000000144; 370; 0; 0
1335926485512; 1254380; 17.817806240278106; 300000; 0.002718750000000103; 0.3981562499999989; 230; 0; 0
1335926486514; 1273080; 18.70869655229201; 300000; 0.003406250000000055; 0.6549062499999798; 370; 0; 0
1335926487516; 1292284; 19.203682136607373; 300000; 0.002343750000000089; 0.32903125000001077; 253; 0; 0
1335926488518; 1312294; 20.16386624343774; 300000; 0.002718750000000103; 0.27959375000003206; 347; 0; 0
1335926489520; 1333026; 20.71607646284013; 300000; 0.004687499999999956; 0.7502187499999979; 600; 0; 0
1335926490522; 1354218; 21.292787624177446; 300000; 0.00390625; 0.7358749999999967; 253; 0; 0
1335926491524; 1376639; 22.35742700538632; 300000; 0.003406250000000055; 0.6413124999999769; 347; 0; 0
1335926492526; 1394771; 23.47529835565564; 300000; 0.013718750000000002; 1.9162812499999744; 600; 1; 0
1335926493529; 1422576; 22.77103940498597; 300000; 0.004781249999999959; 0.21065625000000598; 300; 0; 0
1335926494532; 1445295; 22.77103940498597; 300000; 0.023343749999999996; 1.5360312499999624; 530; 1; 0
1335926495534; 1465375; 20.058024000643602; 300000; 0.003593750000000062; 0.6426249999999754; 370; 0; 0
1335926496537; 1485395; 20.058024000643602; 300000; 0.0033437499999999787; 0.463312500000002; 253; 0; 0
1335926497539; 1505475; 20.058024000643602; 300000; 0.0024999999999999467; 0.4424999999999959; 362; 0; 0
1335926498541; 1525535; 20.058024000643602; 300000; 0.04187500000000011; 1.4087499999999777; 585; 3; 0
1335926499543; 1541203; 15.767003940804418; 300000; 0.00275000000000003; 0.425250000000003; 230; 0; 0
1335926500545; 1556903; 15.767003940804418; 300000; 0.002874999999999961; 0.8878125000000101; 370; 0; 0
1335926501547; 1572825; 15.84583896050844; 300000; 0.00290625000000011; 0.08375000000000021; 73; 0; 0
1335926502549; 1576186; 15.957885962334094; 300000; 0.08568749999999992; 4.026250000000002; 180; 114; 0
1335926503551; 1598341; 11.569758312589416; 300000; 0.1747812500000001; 20.61421874999997; 347; 332; 34
1335926504553; 1609872; 11.569758312589416; 300000; 0.0021249999999999325; 0.2607499999999954; 253; 0; 0
1335926505555; 1621588; 11.801153478841204; 300000; 0.008625000000000105; 0.7169375000000231; 347; 0; 0
1335926506557; 1632896; 11.447118874475969; 300000; 0.0; 0.0; 0; 0; 0
1335926507559; 1644272; 11.447118874475969; 300000; 0.0015624999999999112; 0.26865624999999693; 253; 0; 0
1335926508561; 1655656; 11.447118874475969; 300000; 0.004312499999999941; 0.07100000000002304; 347; 0; 0
1335926509563; 1667016; 11.447118874475969; 300000; 0.0017499999999999183; 0.19199999999998685; 138; 0; 0
1335926510565; 1678522; 11.504354468848348; 300000; 0.001875000000000071; 0.14756249999999782; 128; 0; 0
1335926511568; 1690084; 11.585702539429313; 300000; 0.008218749999999941; 0.5937812500000197; 334; 0; 0
1335926512571; 1701283; 11.238131463246434; 300000; 0.0023124999999999396; 0.19174999999999898; 228; 0; 0
1335926513573; 1712470; 11.238131463246434; 300000; 0.001343749999999977; 0.03150000000000075; 38; 0; 0
1335926514575; 1723635; 11.238131463246434; 300000; 6.87499999999952E-4; 0.19190624999998374; 334; 0; 0
1335926515577; 1734811; 11.238131463246434; 300000; 0.002031249999999929; 0.4080625000000042; 230; 0; 0
1335926516580; 1746029; 11.294322120562665; 300000; 7.187500000001013E-4; 0.017031250000001386; 36; 0; 0
1335926517583; 1757571; 11.520208562973918; 300000; 0.002031249999999929; 0.48537500000001566; 334; 0; 0
1335926518585; 1769073; 11.619976495698223; 300000; 0.0021249999999999325; 0.2377812499999945; 253; 0; 0
1335926519587; 1780777; 11.736176260655206; 300000; 0.0021562500000000817; 0.060250000000002135; 347; 0; 0
1335926520589; 1792671; 11.86739070022893; 300000; 0.0; 0.0; 0; 0; 0
1335926521591; 1805037; 12.460760235240377; 300000; 0.002218749999999936; 0.2680937500000016; 253; 0; 0
1335926522593; 1817516; 12.625600598886619; 300000; 0.0021562500000000817; 0.2774375000000089; 347; 0; 0
1335926523595; 1830708; 13.25688062883095; 300000; 0.002375000000000016; 0.36849999999999605; 230; 0; 0
1335926524598; 1844138; 13.455733838263413; 300000; 0.0017499999999999183; 0.2281562500000074; 370; 0; 0
1335926525601; 1858166; 14.128520530176583; 300000; 0.002062500000000078; 0.07656250000000009; 40; 0; 0
1335926526603; 1872468; 14.36281553738373; 300000; 0.002562500000000023; 0.34312500000000146; 226; 0; 0
1335926527605; 1887015; 14.611586799888615; 300000; 0.005281249999999904; 0.9079062500000028; 334; 0; 0
1335926528607; 1901195; 14.173239195891956; 300000; 0.0014062500000000533; 0.1507187500000029; 253; 0; 0
1335926529610; 1915460; 14.173239195891956; 300000; 0.01796875000000009; 0.8460625000000206; 347; 9; 0
1335926530612; 1928764; 13.392683993799334; 300000; 0.0024375000000000924; 0.3608125000000062; 253; 0; 0
1335926531614; 1942150; 13.392683993799334; 300000; 0.0024687500000000195; 0.16637500000000016; 347; 0; 0
1335926532616; 1955522; 13.392683993799334; 300000; 0.0044999999999999485; 0.3492500000000025; 145; 0; 0
1335926533618; 1968906; 13.392683993799334; 300000; 0.002406249999999943; 0.22378124999999938; 121; 0; 0
1335926534620; 1982232; 13.45964741376833; 300000; 0.004874999999999963; 0.7982812500000052; 334; 0; 0
1335926535622; 1995782; 13.554821493354886; 300000; 0.0022812500000000124; 0.3261875000000072; 253; 0; 0
1335926536625; 2009786; 14.164788460555854; 300000; 0.004874999999999963; 0.6944062499999841; 347; 0; 0
1335926537628; 2024041; 14.306436345161414; 300000; 0.0025937499999999503; 0.3574999999999986; 230; 0; 0
1335926538632; 2039026; 15.021758162419486; 300000; 0.00275000000000003; 0.4458437500000152; 370; 0; 0
1335926539634; 2054298; 15.205736375106566; 300000; 0.002718750000000103; 0.3258437500000009; 228; 0; 0
1335926540636; 2070164; 15.966023193861895; 300000; 0.003062499999999968; 0.6284687500000123; 372; 0; 0
1335926541639; 2086394; 16.191816859241126; 300000; 0.0029375000000000373; 0.3469062500000024; 228; 0; 0
1335926542642; 2103411; 17.00140770220318; 300000; 0.003062499999999968; 0.4769374999999745; 372; 0; 0
1335926543645; 2120662; 17.27022356104364; 300000; 0.00290625000000011; 0.2958750000000112; 253; 0; 0
1335926544647; 2138644; 18.13373473909582; 300000; 0.003875000000000073; 0.6529374999999991; 347; 0; 0
1335926545649; 2157037; 18.44782023808673; 300000; 0.003593750000000062; 0.46903124999999357; 253; 0; 0
1335926546651; 2176445; 19.37021124999107; 300000; 0.0034374999999999822; 0.511531249999994; 347; 0; 0
1335926547654; 2196835; 20.338721812490622; 300000; 0.0034687499999999094; 1.0823750000000107; 599; 0; 0
1335926548656; 2217442; 20.73257946680523; 300000; 0.006781249999999961; 0.4182499999999991; 254; 0; 0
1335926549658; 2237502; 20.110602082801073; 300000; 0.003718749999999993; 0.41053124999997714; 347; 0; 0
1335926550660; 2257542; 20.110602082801073; 300000; 0.0036875000000000657; 0.5556874999999994; 266; 0; 0
1335926551662; 2277602; 20.110602082801073; 300000; 0.005624999999999991; 1.5831250000000154; 559; 0; 0
1335926552664; 2297154; 19.50728402031704; 300000; 0.0031874999999998987; 0.7204687499999782; 375; 0; 0
1335926553666; 2316649; 19.50728402031704; 300000; 0.004968749999999966; 0.4800312500000028; 253; 0; 0
1335926554668; 2336261; 19.50728402031704; 300000; 0.0021249999999999325; 0.7296562499999772; 347; 0; 0
1335926555670; 2355737; 19.50728402031704; 300000; 0.002218749999999936; 0.5005624999999878; 266; 0; 0
1335926556672; 2375339; 19.604820440418624; 300000; 0.006062500000000082; 1.6758437499999956; 564; 0; 0
1335926557674; 2394301; 19.016675827206065; 300000; 0.002343750000000089; 0.760937500000028; 370; 0; 0
1335926558676; 2413320; 19.016675827206065; 300000; 0.010468750000000027; 0.7025625000000006; 253; 1; 0
1335926559679; 2431769; 18.44617555238988; 300000; 0.003062499999999968; 0.27675000000001004; 347; 0; 0
1335926560681; 2450109; 18.44617555238988; 300000; 0.004312499999999941; 0.4406562499999991; 266; 0; 0
1335926561683; 2468487; 18.44617555238988; 300000; 0.0024687500000000195; 0.6410312499999633; 479; 0; 0
1335926562685; 2486899; 18.44617555238988; 300000; 0.0029375000000000373; 1.0108750000000288; 455; 0; 0
1335926563687; 2505376; 18.53840643015183; 300000; 0.003406250000000055; 0.6655312500000012; 253; 0; 0
1335926564690; 2524112; 18.669492759143356; 300000; 0.0034374999999999822; 0.16596874999999955; 347; 0; 0
1335926565692; 2542894; 18.831175309195235; 300000; 0.0031874999999998987; 0.44403124999999566; 253; 0; 0
1335926566694; 2562548; 19.772734074655; 300000; 0.0526875; 1.8113437500000233; 347; 38; 0
1335926567696; 2577578; 15.05823876148103; 300000; 0.002406249999999943; 0.245468750000007; 266; 0; 0
1335926568698; 2593324; 15.811150699555082; 300000; 0.0028125000000001066; 0.42553125000001457; 334; 0; 0
1335926569701; 2609206; 15.987924738388575; 300000; 0.0027812499999999574; 0.4012187499999982; 266; 0; 0
1335926570704; 2625877; 16.787320975308003; 300000; 0.0029999999999998916; 0.698937499999982; 334; 0; 0
1335926571706; 2642945; 17.009396357706418; 300000; 0.0031250000000000444; 0.5111875000000083; 266; 0; 0
1335926572709; 2660128; 17.249945547874898; 300000; 0.007093749999999899; 0.8845624999999782; 420; 0; 0
1335926573711; 2676864; 16.73244718143865; 300000; 0.0029999999999998916; 0.6037812500000104; 305; 0; 0
1335926574714; 2693606; 16.73244718143865; 300000; 0.0024687500000000195; 0.683656250000011; 391; 0; 0
1335926575716; 2710242; 16.73244718143865; 300000; 0.0029687499999999645; 0.8104374999999995; 408; 0; 0
1335926576718; 2726944; 16.73244718143865; 300000; 0.004312499999999941; 0.2456562499999868; 238; 0; 0
1335926577720; 2743680; 16.816109417345842; 300000; 6.562500000000249E-4; 0.23190625000000709; 372; 0; 0
1335926578722; 2760720; 17.152431605692758; 300000; 0.003093749999999895; 0.32953125000000405; 230; 0; 0
1335926579724; 2777895; 17.30097602076481; 300000; 0.003218750000000048; 0.6413750000000225; 370; 0; 0
1335926580726; 2795321; 17.47398578097246; 300000; 0.003218750000000048; 0.3919687499999944; 253; 0; 0
1335926581728; 2813191; 17.910835425496767; 300000; 0.002718750000000103; 0.6478124999999797; 347; 0; 0
1335926582730; 2831859; 18.806377196771606; 300000; 0.0068749999999999645; 0.5709062499999946; 266; 0; 0
1335926583732; 2850066; 18.24218588086846; 300000; 0.003031250000000041; 0.8688125000000078; 334; 0; 0
1335926584734; 2868232; 18.24218588086846; 300000; 0.005968750000000078; 0.5124375000000105; 266; 0; 0
1335926585736; 2886032; 17.694920304442405; 300000; 0.0029687499999999645; 0.9463124999999901; 516; 0; 0
1335926586740; 2903675; 17.694920304442405; 300000; 0.003593750000000062; 0.8579687500000224; 418; 0; 0
1335926587742; 2921396; 17.694920304442405; 300000; 0.16912499999999997; 9.034843749999999; 65; 65; 59
1335926588744; 2933634; 12.319744956973205; 300000; 0.18093749999999997; 24.671249999999528; 479; 165; 158
1335926589746; 2945809; 12.319744956973205; 300000; 0.0019062499999999982; 0.06140625000000144; 56; 0; 0
1335926590749; 2958021; 12.319744956973205; 300000; 0.010999999999999899; 0.7850937500000075; 253; 5; 0
1335926591751; 2969890; 11.950152608264009; 300000; 0.0019687500000000746; 0.6508125000000198; 347; 0; 0
1335926592753; 2981736; 11.950152608264009; 300000; 0.0; 0.0; 0; 0; 0
1335926593756; 2993630; 11.950152608264009; 300000; 0.0040000000000000036; 0.4109062499999989; 266; 0; 0
1335926594759; 3005476; 11.950152608264009; 300000; 0.0018437499999999218; 0.6019687499999735; 334; 0; 0
1335926595761; 3017536; 12.009903371305327; 300000; 4.062499999999414E-4; 0.01874999999999649; 57; 0; 0
1335926596763; 3029702; 12.250101438731434; 300000; 0.0029375000000000373; 0.31687499999999647; 466; 0; 0
1335926597765; 3042034; 12.356190429180211; 300000; 0.0022812500000000124; 0.10712499999999836; 77; 0; 0
1335926598767; 3054894; 12.973999950639222; 300000; 0.004031249999999931; 0.3621562499999966; 253; 0; 0
1335926599769; 3067920; 13.119053679787763; 300000; 0.002218749999999936; 0.3423437499999873; 347; 0; 0
1335926600772; 3081616; 13.775006363777152; 300000; 0.0019062499999999982; 0.12856249999999902; 79; 0; 0
1335926601775; 3096087; 14.46375668196601; 300000; 0.003374999999999906; 0.44578124999998137; 521; 0; 0
1335926602777; 3110719; 14.66830509059102; 300000; 0.0; 0.0; 0; 0; 0
1335926603779; 3126069; 15.401720345120571; 300000; 0.028000000000000025; 1.7757499999999915; 546; 43; 0
1335926604782; 3139095; 13.018120767899529; 300000; 0.0022500000000000853; 0.056562500000002736; 54; 0; 0
1335926605784; 3152842; 13.669026806294506; 300000; 0.005406250000000057; 0.3108437500000003; 266; 0; 0
1335926606786; 3166047; 13.25895600210567; 300000; 0.002031249999999929; 0.42596874999996825; 334; 0; 0
1335926607788; 3179186; 13.25895600210567; 300000; 0.004281250000000014; 0.4572500000000097; 253; 0; 0
1335926608790; 3192378; 13.25895600210567; 300000; 0.0014062500000000533; 0.3482187499999645; 347; 0; 0
1335926609792; 3205609; 13.25895600210567; 300000; 0.0; 0.0; 0; 0; 0
1335926610794; 3218770; 13.325250782116196; 300000; 0.006062500000000082; 0.3105937499999958; 266; 0; 0
1335926611797; 3231631; 12.92549325865271; 300000; 0.0018437499999999218; 0.5774062499999761; 334; 0; 0
1335926612800; 3244517; 12.92549325865271; 300000; 0.002375000000000016; 0.31834375000000037; 253; 0; 0
1335926613802; 3257428; 12.92549325865271; 300000; 0.0019062499999999982; 0.618406250000002; 347; 0; 0
1335926614804; 3270249; 12.92549325865271; 300000; 0.0; 0.0; 0; 0; 0
1335926615806; 3283109; 12.990120724945971; 300000; 0.004656250000000028; 0.563500000000017; 266; 0; 0
1335926616808; 3296135; 13.081974749476384; 300000; 0.002406249999999943; 0.5963749999999786; 334; 0; 0
1335926617811; 3309838; 13.67066361320282; 300000; 0.004781249999999959; 0.5065625000000005; 253; 0; 0
1335926618814; 3323562; 13.807370249334848; 300000; 0.0024375000000000924; 0.3168750000000069; 347; 0; 0
1335926619816; 3337943; 14.49773876180159; 300000; 0.002375000000000016; 0.10587500000000394; 47; 0; 0
1335926620818; 3353139; 15.22262569989167; 300000; 0.0028125000000001066; 0.9816250000000217; 553; 0; 0
1335926621820; 3368471; 15.424002109408338; 300000; 0.0; 0.0; 0; 0; 0
1335926622822; 3384653; 16.195202214878755; 300000; 0.005781250000000071; 0.9104062500000116; 600; 0; 0
1335926623825; 3400426; 15.709346148432392; 300000; 0.0; 0.0; 0; 0; 0
1335926624827; 3416120; 15.709346148432392; 300000; 0.003031250000000041; 0.4140624999999818; 600; 0; 0
1335926625829; 3431754; 15.709346148432392; 300000; 0.0; 0.0; 0; 0; 0
1335926626831; 3447463; 15.709346148432392; 300000; 0.0044999999999999485; 0.6048749999999588; 599; 0; 0
1335926627833; 3463223; 15.787892879174551; 300000; 3.124999999992717E-5; 3.124999999992717E-5; 1; 0; 0
1335926628836; 3479223; 16.10365073675804; 300000; 0.00275000000000003; 0.4093750000000367; 590; 0; 0
1335926629838; 3495437; 16.243112443075088; 300000; 0.001875000000000071; 0.015375000000000583; 10; 0; 0
1335926630840; 3512420; 17.055268065228844; 300000; 0.003875000000000073; 1.1048437500000232; 600; 0; 0
1335926631842; 3529688; 17.24595175907051; 300000; 0.0; 0.0; 0; 0; 0
1335926632844; 3547739; 18.10824934702404; 300000; 0.019843749999999938; 2.1536874999999718; 600; 91; 0
1335926633846; 3564210; 16.634874728237317; 300000; 0.005937499999999929; 0.7461562500000078; 253; 0; 0
1335926634848; 3580290; 16.1358284863902; 300000; 0.00290625000000011; 0.39034375000003285; 347; 0; 0
1335926635851; 3596274; 16.1358284863902; 300000; 0.003531249999999986; 0.2799687500000214; 253; 0; 0
1335926636853; 3612402; 16.1358284863902; 300000; 0.0015000000000000568; 0.48250000000000703; 347; 0; 0
1335926637855; 3628370; 16.1358284863902; 300000; 0.0035000000000000586; 0.04299999999999571; 253; 0; 0
1335926638858; 3644616; 16.21650762882215; 300000; 0.0019062499999999982; 0.30868750000000267; 347; 0; 0
1335926639860; 3661114; 16.540837781398594; 300000; 0.006093750000000009; 0.6247812499999943; 253; 0; 0
1335926640862; 3677130; 16.044612647956637; 300000; 0.0027812499999999574; 0.266062500000001; 347; 0; 0
1335926641864; 3693242; 16.044612647956637; 300000; 0.004250000000000087; 0.387968749999996; 253; 0; 0
1335926642866; 3709210; 16.044612647956637; 300000; 0.0024999999999999467; 0.851999999999983; 346; 0; 0
1335926643868; 3725306; 16.044612647956637; 300000; 0.0029999999999998916; 0.0825000000000018; 253; 0; 0
1335926644870; 3741307; 16.12483571119642; 300000; 0.0024999999999999467; 0.7004999999999999; 347; 0; 0
1335926645874; 3757646; 16.447332425420345; 300000; 0.005937499999999929; 0.6383125000000032; 253; 0; 0
1335926646876; 3773560; 15.953912452657734; 300000; 0.0017499999999999183; 0.5387812499999836; 347; 0; 0
1335926647878; 3789410; 15.953912452657734; 300000; 0.005624999999999991; 0.44571875000001704; 253; 0; 0
1335926648881; 3804822; 15.475295079078002; 300000; 0.002718750000000103; 0.24634375000002384; 347; 0; 0
1335926649883; 3820158; 15.475295079078002; 300000; 0.0027812499999999574; 0.22384374999999168; 253; 0; 0
1335926650885; 3835530; 15.475295079078002; 300000; 0.0026250000000000995; 0.4951249999999898; 347; 0; 0
1335926651887; 3850978; 15.475295079078002; 300000; 9.999999999998899E-4; 0.029999999999996696; 30; 0; 0
1335926652889; 3866458; 15.55267155447339; 300000; 0.006843750000000037; 0.4159375000000167; 570; 0; 0
1335926653891; 3881518; 15.086091407839188; 300000; 0.0; 0.0; 0; 0; 0
1335926654894; 3896549; 15.086091407839188; 300000; 0.007468749999999913; 0.5732812500000071; 600; 0; 0
1335926655896; 3911081; 14.633508665604012; 300000; 0.0; 0.0; 0; 0; 0
1335926656899; 3925568; 14.633508665604012; 300000; 0.003249999999999975; 0.22300000000001208; 266; 0; 0
1335926657901; 3940145; 14.633508665604012; 300000; 0.0024687500000000195; 0.3072499999999869; 334; 0; 0
1335926658903; 3954707; 14.633508665604012; 300000; 0.002562500000000023; 0.5403437500000008; 266; 0; 0
1335926659906; 3969393; 14.70667620893203; 300000; 0.09899999999999998; 20.204843750000027; 334; 334; 0
1335926660910; 3979864; 10.547212230648224; 300000; 0.024562500000000043; 0.5073750000000028; 60; 21; 0
1335926661912; 3990451; 10.547212230648224; 300000; 0.04721875000000009; 3.5675624999999993; 206; 157; 0
1335926662914; 4000979; 10.547212230648224; 300000; 0.0078125; 0.6241874999999995; 334; 0; 0
1335926663916; 4011165; 10.230795863728778; 300000; 0.001374999999999904; 0.04124999999999712; 30; 0; 0
1335926664918; 4021341; 10.230795863728778; 300000; 0.0048437500000000355; 0.4937812500000087; 236; 0; 0
1335926665920; 4031548; 10.230795863728778; 300000; 0.0025937499999999503; 0.2800625000000292; 334; 0; 0
1335926666922; 4041744; 10.230795863728778; 300000; 0.0; 0.0; 0; 0; 0
1335926667925; 4051899; 10.281949843047421; 300000; 0.0044999999999999485; 0.3074062499999908; 266; 0; 0
1335926668927; 4062273; 10.35465420762581; 300000; 0.0055312499999999876; 0.44512499999997024; 334; 0; 0
1335926669929; 4072293; 10.044014581397036; 300000; 0.0; 0.0; 0; 0; 0
1335926670932; 4082333; 10.044014581397036; 300000; 0.0023124999999999396; 0.16696875000000166; 266; 0; 0
1335926671934; 4092353; 10.044014581397036; 300000; 0.005312500000000053; 0.45574999999997257; 334; 0; 0
1335926672936; 4102012; 9.742694143955125; 300000; 0.0; 0.0; 0; 0; 0
1335926673938; 4111700; 9.742694143955125; 300000; 0.003531249999999986; 0.467468749999997; 253; 0; 0
1335926674940; 4121438; 9.742694143955125; 300000; 0.0017812500000000675; 0.09365625000000177; 331; 0; 0
1335926675942; 4131098; 9.742694143955125; 300000; 0.0028437500000000338; 0.016062500000000757; 16; 0; 0
1335926676945; 4140798; 9.7914076146749; 300000; 0.004437500000000094; 0.16981250000000214; 252; 0; 0
1335926677947; 4150685; 9.860643321891883; 300000; 0.001687500000000064; 0.022375000000000922; 14; 0; 0
1335926678949; 4160855; 10.304372271377018; 300000; 0.028812499999999908; 0.6893750000000165; 334; 9; 0
1335926679951; 4169348; 8.657758914924152; 300000; 0.0; 0.0; 0; 0; 0
1335926680953; 4178411; 9.047358066095738; 300000; 0.002218749999999936; 0.14306250000000365; 266; 0; 0
1335926681955; 4187429; 9.137831646756695; 300000; 0.0015624999999999112; 0.19803125000002675; 334; 0; 0
1335926682957; 4196934; 9.59472322909453; 300000; 0.0; 0.0; 0; 0; 0
1335926683959; 4204934; 10.074459390549258; 300000; 0.002062500000000078; 0.1199062500000001; 252; 0; 0
1335926684961; 4217159; 10.20773196125332; 300000; 0.029343750000000002; 0.3165624999999892; 142; 1; 0
1335926685964; 4225662; 8.544491290250383; 300000; 0.006781249999999961; 0.35993749999998714; 205; 0; 0
1335926686966; 4233855; 8.28815655154287; 300000; 0.0; 0.0; 0; 0; 0
1335926687968; 4242079; 8.28815655154287; 300000; 0.002187500000000009; 0.2117500000000101; 266; 0; 0
1335926688970; 4250272; 8.28815655154287; 300000; 0.0014374999999999805; 0.4034687499999703; 334; 0; 0
1335926689973; 4258460; 8.28815655154287; 300000; 0.0; 0.0; 0; 0; 0
1335926690975; 4266666; 8.329597334300585; 300000; 0.0; 0.0; 0; 0; 0
1335926691977; 4274988; 8.412893307643591; 300000; 0.00290625000000011; 0.38409374999999657; 266; 0; 0
1335926692979; 4283351; 8.485751100881066; 300000; 7.812499999999556E-4; 0.23656250000003043; 334; 0; 0
1335926693981; 4292203; 8.910038655925119; 300000; 0.0; 0.0; 0; 0; 0
1335926694983; 4301551; 9.355540588721375; 300000; 0.003031250000000041; 0.3073124999999819; 252; 0; 0
1335926695985; 4310907; 9.4701220922727; 300000; 0.001531249999999984; 0.018312499999999732; 14; 0; 0
1335926696988; 4320741; 9.943628196886335; 300000; 0.0018124999999999947; 0.5592812499999975; 334; 0; 0
1335926697991; 4330791; 10.084252335438658; 300000; 0.0; 0.0; 0; 0; 0
1335926698993; 4341316; 10.588464952210591; 300000; 0.00390625; 0.3832500000000034; 266; 0; 0
1335926699995; 4351995; 10.755883283079848; 300000; 0.001531249999999984; 0.21159374999998537; 334; 0; 0
1335926700997; 4363234; 11.293677447233842; 300000; 0.0017812500000000675; 0.053437500000002025; 30; 0; 0
1335926701999; 4374594; 11.48928967866288; 300000; 0.00275000000000003; 0.1607499999999975; 235; 0; 0
1335926703003; 4386291; 11.69641579393827; 300000; 0.0018124999999999947; 0.31928124999998775; 333; 0; 0
1335926704060; 4399196; 12.281236583635184; 300000; 0.004218749999999938; 0.512187500000004; 252; 0; 0
1335926705062; 4411643; 12.519061707431446; 300000; 0.019437499999999996; 0.194031249999981; 348; 1; 0
1335926706064; 4423174; 11.566378554990253; 300000; 0.0; 0.0; 0; 0; 0
1335926707067; 4435217; 12.144697482739767; 300000; 0.001531249999999984; 0.09506250000000316; 266; 0; 0
1335926708069; 4447599; 12.387591432394563; 300000; 0.002062500000000078; 0.18474999999998554; 334; 0; 0
1335926709071; 4460103; 12.642968172008358; 300000; 0.02906249999999999; 0.229468749999999; 22; 8; 0
1335926710073; 4470627; 10.6037797571683; 300000; 0.03496874999999999; 1.1449375000000084; 244; 38; 0
1335926711075; 4481151; 10.6037797571683; 300000; 0.001687500000000064; 0.10940625000002457; 334; 0; 0
1335926712079; 4492239; 11.133968745026717; 300000; 0.0022812500000000124; 0.026500000000001078; 29; 0; 0
1335926713081; 4503571; 11.370155889060541; 300000; 0.002031249999999929; 0.16862500000000402; 237; 0; 0
1335926714083; 4515417; 11.93866368351357; 300000; 0.0021249999999999325; 0.3147812499999689; 334; 0; 0
1335926715086; 4527619; 12.205620319082014; 300000; 0.0022500000000000853; 0.4526562500000024; 253; 0; 0
1335926716088; 4540003; 12.485286214162436; 300000; 0.0022500000000000853; 0.5291875000000184; 347; 0; 0
1335926717090; 4553029; 13.109550524870558; 300000; 0.0; 0.0; 0; 0; 0
1335926718092; 4566697; 13.765028051114086; 300000; 0.0024375000000000924; 0.4343125000000172; 266; 0; 0
1335926719095; 4580725; 14.102201001317354; 300000; 0.0022812500000000124; 0.08750000000000036; 334; 0; 0
1335926720097; 4595438; 14.807311051383223; 300000; 0.0038124999999999964; 0.33949999999999503; 266; 0; 0
1335926721099; 4610634; 15.18482489135743; 300000; 0.011343749999999986; 0.7085937500000226; 334; 1; 0
1335926722101; 4625332; 14.729280144616705; 300000; 0.003406250000000055; 0.16096875000000566; 253; 0; 0
1335926723103; 4640045; 14.729280144616705; 300000; 0.002343750000000089; 0.7675312500000291; 347; 0; 0
1335926724105; 4654758; 14.729280144616705; 300000; 0.005281249999999904; 0.5904687500000221; 252; 0; 0
1335926725107; 4668958; 14.287401740278204; 300000; 0.0024687500000000195; 0.569843749999996; 347; 0; 0
1335926726109; 4683173; 14.287401740278204; 300000; 0.0; 0.0; 0; 0; 0
1335926727111; 4697375; 14.287401740278204; 300000; 0.003093749999999895; 0.2559374999999984; 266; 0; 0
1335926728114; 4711550; 14.287401740278204; 300000; 0.0014687499999999076; 0.33728124999996334; 334; 0; 0
1335926729116; 4725938; 14.358838748979593; 300000; 0.002874999999999961; 0.09146875000000065; 266; 0; 0
1335926730119; 4740307; 14.46037107147327; 300000; 0.004093750000000007; 0.24015625000002805; 334; 0; 0
1335926731121; 4754827; 14.585601558433725; 300000; 0.0020937500000000053; 0.3389999999999931; 266; 0; 0
1335926732125; 4770088; 15.31488163635541; 300000; 0.004031249999999931; 0.15899999999998293; 334; 0; 0
1335926733127; 4785408; 15.486107218386682; 300000; 0.0027812499999999574; 0.4739687500000076; 253; 0; 0
1335926734130; 4801606; 16.260412579306017; 300000; 0.002874999999999961; 0.9088749999999857; 347; 0; 0
1335926735132; 4818030; 16.475517618806766; 300000; 0.004593749999999952; 0.4767812499999957; 253; 0; 0
1335926736134; 4834726; 16.7085166234431; 300000; 0.0853124999999999; 1.4885625000000184; 347; 24; 0
1335926737137; 4846726; 12.118264803815876; 300000; 0.004468750000000021; 0.38028124999999724; 252; 0; 0
1335926738139; 4859473; 12.72417804400667; 300000; 0.015062499999999979; 0.4582187500000119; 334; 5; 0
1335926739141; 4872128; 12.72417804400667; 300000; 0.002375000000000016; 0.015906249999999345; 14; 0; 0
1335926740143; 4885499; 13.360386946207004; 300000; 0.004750000000000032; 0.4379062500000077; 266; 0; 0
1335926741145; 4899015; 13.571633212062983; 300000; 0.0018437499999999218; 0.564906249999978; 334; 0; 0
1335926742147; 4913237; 14.250214872666133; 300000; 0.00649999999999995; 0.3245312499999853; 253; 0; 0
1335926743149; 4926909; 13.822708426486148; 300000; 0.002874999999999961; 0.07803125000000022; 347; 0; 0
1335926744151; 4940605; 13.822708426486148; 300000; 0.002531250000000096; 0.03275000000000183; 22; 0; 0
1335926745153; 4954301; 13.822708426486148; 300000; 0.0019374999999999254; 0.6971249999999918; 532; 0; 0
1335926746155; 4967997; 13.822708426486148; 300000; 0.001687500000000064; 0.06450000000000022; 46; 0; 0
1335926747158; 4981873; 13.891821968618578; 300000; 0.00275000000000003; 0.1435625000000076; 266; 0; 0
1335926748161; 4995749; 13.990051983789042; 300000; 0.0010937499999998934; 0.22459374999998616; 334; 0; 0
1335926749163; 5010338; 14.619604323059548; 300000; 0.005156249999999973; 0.3939062499999939; 253; 0; 0
1335926750165; 5024475; 14.18101619336776; 300000; 0.002562500000000023; 0.5233749999999953; 347; 0; 0
1335926751167; 5038668; 14.18101619336776; 300000; 0.0029999999999998916; 0.17056250000000706; 252; 0; 0
1335926752169; 5052890; 14.18101619336776; 300000; 0.0026250000000000995; 0.3058750000000099; 344; 0; 0
1335926753171; 5067042; 14.18101619336776; 300000; 0.0012812499999999005; 0.0046874999999997335; 4; 0; 0
1335926754173; 5081292; 14.251921274334597; 300000; 0.0013125000000000497; 0.2340624999999925; 266; 0; 0
1335926755175; 5095622; 14.352697576114785; 300000; 0.0024375000000000924; 0.1388437500000228; 334; 0; 0
1335926756177; 5109992; 14.476995583252293; 300000; 0.0017812500000000675; 0.37453124999999376; 266; 0; 0
1335926757179; 5125218; 15.200845362414908; 300000; 0.002375000000000016; 0.3617812499999895; 334; 0; 0
1335926758181; 5140595; 15.37079598014402; 300000; 0.004124999999999934; 0.3751874999999969; 266; 0; 0
1335926759183; 5156123; 15.559049015602898; 300000; 0.030281250000000037; 0.5637499999999704; 334; 7; 0
1335926760185; 5168984; 12.941788964474647; 300000; 0.00406250000000008; 0.378812499999986; 253; 0; 0
1335926761187; 5182461; 13.58887841269838; 300000; 0.002687499999999954; 0.6292500000000212; 347; 0; 0
1335926762189; 5196697; 14.2683223333333; 300000; 0.0019374999999999254; 0.027249999999998664; 21; 0; 0
1335926763191; 5211532; 14.981738449999966; 300000; 0.005656249999999918; 1.4328125000000027; 558; 0; 0
1335926764193; 5226044; 14.532286296499967; 300000; 0.0029999999999998916; 0.029718750000000682; 21; 0; 0
1335926765195; 5240567; 14.532286296499967; 300000; 0.0034687499999999094; 0.4569062499999996; 266; 0; 0
1335926766197; 5255135; 14.532286296499967; 300000; 0.001531249999999984; 0.3726249999999882; 334; 0; 0
1335926767199; 5269616; 14.532286296499967; 300000; 0.0028437500000000338; 0.6270624999999921; 266; 0; 0
1335926768201; 5284208; 14.604947727982465; 300000; 0.0016562499999999147; 0.5330312499999776; 334; 0; 0
1335926769203; 5299058; 14.897046682542115; 300000; 0.0055312499999999876; 0.6012812500000044; 253; 0; 0
1335926770205; 5313439; 14.450135282065851; 300000; 0.0024375000000000924; 0.43524999999999836; 347; 0; 0
1335926771207; 5327805; 14.450135282065851; 300000; 0.004343750000000091; 0.45934374999998284; 252; 0; 0
1335926772209; 5342146; 14.450135282065851; 300000; 0.014062500000000089; 1.3497187500000207; 347; 65; 0
1335926773211; 5356174; 14.016631223603875; 300000; 0.09515625000000005; 0.09515625000000005; 1; 1; 0
1335926774213; 5366200; 10.08092688988259; 300000; 0.03728124999999993; 1.1038437499999973; 266; 44; 0
1335926775216; 5376200; 10.08092688988259; 300000; 0.0017187499999999911; 0.16871875000000447; 334; 0; 0
1335926776218; 5386260; 10.08092688988259; 300000; 0.0; 0.0; 0; 0; 0
1335926777221; 5396280; 10.08092688988259; 300000; 0.0015624999999999112; 0.18618749999999062; 266; 0; 0
1335926778223; 5406310; 10.08092688988259; 300000; 9.375000000000355E-4; 0.20812500000003142; 334; 0; 0
1335926779225; 5416320; 10.131331524332003; 300000; 0.0; 0.0; 0; 0; 0
1335926780227; 5426651; 10.333958154818644; 300000; 0.005624999999999991; 0.3750312500000008; 253; 0; 0
1335926781229; 5436661; 10.023939410174085; 300000; 0.0015937500000000604; 0.412875000000009; 342; 0; 0
1335926782231; 5446701; 10.023939410174085; 300000; 0.0015937500000000604; 0.0032812499999999023; 5; 0; 0
1335926783233; 5456721; 10.023939410174085; 300000; 0.0019687500000000746; 0.1506875000000003; 253; 0; 0
1335926784236; 5466761; 10.023939410174085; 300000; 9.375000000000355E-4; 0.21218750000000708; 235; 0; 0
1335926785238; 5476770; 10.074059107224954; 300000; 0.013718750000000002; 0.10921875000001058; 112; 1; 0
1335926786240; 5486482; 9.771837334008206; 300000; 0.001531249999999984; 0.10849999999999893; 208; 0; 0
1335926787242; 5496190; 9.771837334008206; 300000; 0.0016562499999999147; 0.07306250000000158; 58; 0; 0
1335926788244; 5505858; 9.771837334008206; 300000; 0.0017812500000000675; 0.23525000000000462; 333; 0; 0
1335926789246; 5515576; 9.771837334008206; 300000; 0.0; 0.0; 0; 0; 0
1335926790248; 5525254; 9.820696520678245; 300000; 0.002874999999999961; 0.25156249999999836; 266; 0; 0
1335926791250; 5535099; 9.890139331735712; 300000; 0.0016562499999999147; 0.10706250000000228; 334; 0; 0
1335926792252; 5545493; 10.335195601663818; 300000; 0.0; 0.0; 0; 0; 0
1335926793254; 5556323; 10.85195538174701; 300000; 0.00406250000000008; 0.29662499999999903; 266; 0; 0
1335926794256; 5567190; 10.973283931358916; 300000; 0.001875000000000071; 0.518625000000013; 334; 0; 0
1335926795258; 5578677; 11.521948127926862; 300000; 0.0; 0.0; 0; 0; 0
1335926796260; 5590718; 12.098045534323205; 300000; 0.06634374999999992; 9.81937499999998; 266; 228; 0
1335926797262; 5599634; 8.977133489592005; 300000; 0.0475000000000001; 8.13809375000004; 334; 315; 0
1335926798265; 5608530; 8.977133489592005; 300000; 0.0; 0.0; 0; 0; 0
1335926799268; 5617889; 9.425990164071605; 300000; 0.004687499999999956; 0.25718749999999035; 253; 0; 0
1335926800270; 5627397; 9.55929379535986; 300000; 8.749999999999591E-4; 0.011374999999999469; 13; 0; 0
1335926801272; 5637427; 10.037258485127854; 300000; 0.006250000000000089; 0.24253125000002407; 334; 0; 0
1335926802274; 5647115; 9.736140730574018; 300000; 0.001687500000000064; 0.025437500000001112; 17; 0; 0
1335926803276; 5656803; 9.736140730574018; 300000; 0.005312500000000053; 0.3481250000000007; 249; 0; 0
1335926804278; 5666169; 9.444056508656796; 300000; 0.0036875000000000657; 0.0872499999999865; 334; 0; 0
1335926805280; 5675489; 9.444056508656796; 300000; 0.0; 0.0; 0; 0; 0
1335926806282; 5684835; 9.444056508656796; 300000; 0.0044999999999999485; 0.38924999999999055; 266; 0; 0
1335926807284; 5694191; 9.444056508656796; 300000; 0.0026250000000000995; 0.28181249999998825; 329; 0; 0
1335926808286; 5703576; 9.491276791200079; 300000; 8.749999999999591E-4; 0.0031250000000000444; 5; 0; 0
1335926809288; 5713249; 9.68110232702408; 300000; 0.0037812500000000693; 0.08356250000000265; 253; 0; 0
1335926810291; 5722965; 9.764943132542475; 300000; 0.0016249999999999876; 0.02112499999999984; 13; 0; 0
1335926811293; 5733131; 10.2531902891696; 300000; 0.003031250000000041; 0.2771562500000282; 334; 0; 0
1335926812296; 5743493; 10.36782444153372; 300000; 0.0019062499999999982; 0.10906250000000273; 68; 0; 0
1335926813299; 5754360; 10.886215663610407; 300000; 0.004187500000000011; 0.3330312500000001; 198; 0; 0
1335926814302; 5765382; 11.030226760433052; 300000; 0.0060312499999999325; 0.5977499999999967; 334; 0; 0
1335926815305; 5776110; 10.69931995762006; 300000; 0.0032812499999999023; 0.34812499999999114; 252; 0; 0
1335926816307; 5786818; 10.69931995762006; 300000; 0.0019062499999999982; 0.009218750000000275; 14; 0; 0
1335926817309; 5797482; 10.69931995762006; 300000; 0.00275000000000003; 0.25690625000001077; 334; 0; 0
1335926818311; 5808156; 10.69931995762006; 300000; 0.0031250000000000444; 0.3048125000000117; 252; 0; 0
1335926819313; 5818877; 10.75281655740816; 300000; 0.0018437499999999218; 0.02574999999999905; 14; 0; 0
1335926820315; 5829711; 10.967872888556323; 300000; 0.002031249999999929; 0.10353125000001784; 334; 0; 0
1335926821317; 5840755; 11.062857454026007; 300000; 0.006156250000000085; 0.41618750000000104; 252; 0; 0
1335926822319; 5851412; 10.730971730405226; 300000; 7.187500000001013E-4; 0.005593750000000286; 14; 0; 0
1335926823321; 5862091; 10.730971730405226; 300000; 0.0019687500000000746; 0.04943749999999558; 334; 0; 0
1335926824323; 5872803; 10.730971730405226; 300000; 0.0021562500000000817; 0.07990625000000207; 252; 0; 0
1335926825325; 5883471; 10.730971730405226; 300000; 0.002187500000000009; 0.029593750000000085; 14; 0; 0
1335926826327; 5894150; 10.784626589057252; 300000; 0.0015000000000000568; 0.06918750000000262; 334; 0; 0
1335926827329; 5905205; 11.000319120838398; 300000; 0.0022812500000000124; 0.07565625000000131; 253; 0; 0
1335926828331; 5916205; 11.095584678922217; 300000; 3.4375000000008704E-4; 0.032624999999997684; 319; 0; 0
1335926829333; 5927776; 11.650363912868329; 300000; 0.0013125000000000497; 0.021843750000000384; 28; 0; 0
1335926830335; 5939456; 11.78061894122725; 300000; 0.0028437500000000338; 0.20803125000000522; 253; 0; 0
1335926831337; 5951280; 11.924901467528116; 300000; 0.0020000000000000018; 0.3113125000000283; 347; 0; 0
1335926832339; 5963829; 12.521146540904523; 300000; 0.0; 0.0; 0; 0; 0
1335926833341; 5976889; 13.147203867949749; 300000; 0.0036562499999999165; 0.3018437500000102; 266; 0; 0
1335926834343; 5990234; 13.344411925968993; 300000; 0.0032812499999999023; 0.12556250000000446; 334; 0; 0
1335926835345; 6004248; 14.011632522267444; 300000; 0.0029687499999999645; 0.18993750000001275; 266; 0; 0
1335926836348; 6018912; 14.712214148380816; 300000; 0.0022812500000000124; 0.404499999999975; 334; 0; 0
1335926837351; 6034339; 15.447824855799858; 300000; 0.005656249999999918; 0.6209062500000051; 253; 0; 0
1335926838353; 6049203; 14.984390110125862; 300000; 9.062500000001084E-4; 0.20234375000001226; 347; 0; 0
1335926839355; 6064096; 14.984390110125862; 300000; 0.0048437500000000355; 0.34815625000001105; 167; 0; 0
1335926840357; 6078930; 14.984390110125862; 300000; 0.004656250000000028; 0.3166562500000343; 431; 0; 0
1335926841359; 6093764; 14.984390110125862; 300000; 0.0017499999999999183; 0.027531249999998675; 16; 0; 0
1335926842361; 6107612; 15.05931206067649; 300000; 0.0029999999999998916; 0.11028125000000744; 251; 0; 0
1357042751135; 1; 10.0; 300000; 0.0019787548850820347; 0.0024518202013177337; 300; 0; 0
1357042752507; 6750; 10.0; 300000; 0.0; 0.0; 0; 0; 0
1357042754061; 20180; 10.0; 300000; 1.7948942139318524; 4.7889911235943154; 8; 8; 6
1357042755063; 20730; 6.6945234615751925; 300000; 0.013214316579717833; 0.02183056729471744; 2; 1; 0
1357042756301; 31207; 6.410498885385658; 300000; 0.2804922693845462; 2.096776947287349; 24; 21; 8
1357042757303; 35373; 6.410498885385658; 300000; 0.105375; 23.470308163185745; 225; 225; 222
1357042758310; 45629; 4.57784143416627; 300000; 0.22896874999999994; 9.372787778339958; 90; 90; 84
1357042759313; 49800; 4.57784143416627; 300000; 0.642577460027826; 0.9867786002060228; 7; 7; 2
1357042760315; 51743; 4.57784143416627; 300000; 0.7076544852238824; 0.900008114235952; 6; 6; 1
1357042761321; 57565; 3.084239463040572; 300000; 2.0378153346106105; 4.0896378904717325; 20; 20; 5
1357042762330; 61346; 3.084239463040572; 300000; 0.051431838952421094; 0.18993572036244188; 6; 4; 0
1357042763333; 63696; 3.084239463040572; 300000; 0.08195206024477986; 0.385967836830702; 29; 8; 0
1357042764335; 64757; 2.2443330359495652; 300000; 0.43349389124556903; 0.5814949761901722; 4; 4; 1
1357042765338; 67608; 2.2443330359495652; 300000; 0.22774119504085144; 0.4380274772981363; 297; 3; 2
1357042766340; 70913; 2.2443330359495652; 300000; 0.5720982319267622; 1.0377088544142417; 13; 6; 3
1357042767342; 72484; 1.5158369511825553; 300000; 0.1339385103879358; 0.23999891414935615; 5; 5; 1
1357042768346; 73831; 1.5158369511825553; 300000; 0.11253704832792066; 0.3328568528648048; 4; 4; 1
1357042769348; 74895; 1.5158369511825553; 300000; 0.13969930095813266; 0.466918500347304; 13; 9; 2
1357042770352; 76305; 1.0648115299562855; 300000; 0.34157165949062396; 0.7328928907127152; 5; 4; 2
1357042771354; 77402; 1.0648115299562855; 300000; 0.3501141775758898; 0.550090542936889; 6; 5; 1
1357042772358; 78460; 1.0648115299562855; 300000; 0.40214542113050866; 0.5138528727051983; 5; 5; 1
1357042773360; 78466; 0.723113488626966; 300000; 0.7262864808906624; 1.7771539784717039; 10; 10; 5
1357042774362; 79962; 0.723113488626966; 300000; 0.0970158484725101; 0.16207834847251013; 4; 4; 0
1357042775364; 80432; 0.723113488626966; 300000; 0.5018374350282044; 1.0393490831299765; 8; 8; 3
1357042776366; 80978; 0.48928031778638403; 300000; 0.08857959668540216; 0.16143054475647034; 3; 2; 0
1357042777368; 81522; 0.48928031778638403; 300000; 0.1655988829045152; 0.3661485346460247; 4; 4; 2
1357042778371; 82028; 0.48928031778638403; 300000; 0.004687499999999956; 0.015374999999999694; 4; 0; 0
1357042779373; 82120; 0.48928031778638403; 300000; 0.23973905523171046; 0.35353012188818655; 4; 3; 1
1357042780376; 82814; 0.33639131345275547; 300000; 0.07630351167076022; 0.08192566286922531; 2; 1; 0
1357042781378; 82869; 0.33639131345275547; 300000; 0.36521871100063463; 0.8577733082988233; 4; 4; 4
1357042782381; 83162; 0.33639131345275547; 300000; 0.17056468896640076; 0.3282577398373898; 3; 3; 2
1357042783383; 83409; 0.2341219821599511; 300000; 0.001531249999999984; 0.003062499999999968; 2; 0; 0
1357042784385; 83801; 0.2341219821599511; 300000; 0.35086525720099715; 0.5628439291939213; 7; 3; 2
1357042785387; 83998; 0.2341219821599511; 300000; 0.06287392993100438; 0.11696839916144919; 2; 2; 0
1357042786390; 84133; 0.1746996885769404; 300000; 0.2385429043272651; 0.8513362875277377; 10; 10; 3
1357042787393; 84256; 0.1746996885769404; 300000; 1.1724424402921412; 2.2781830902692537; 14; 14; 3
1357042788395; 84343; 0.1746996885769404; 300000; 0.393270756742502; 1.6248473099242846; 17; 17; 5
1357042789398; 84646; 0.11868757116784143; 300000; 2.4306242796554307; 3.5846105572025575; 9; 9; 3
1357042790401; 84646; 0.11868757116784143; 300000; 0.09741920455632247; 0.28461652815374894; 4; 4; 0
1357042791404; 84861; 0.11868757116784143; 300000; 0.25641210069430875; 0.45811466345024887; 4; 4; 2
1357042792407; 84909; 0.08143943843626238; 300000; 0.0850907488994268; 0.2045358681430578; 3; 3; 0
1357042793410; 84998; 0.08143943843626238; 300000; 1.7568709704592549; 3.4475858753798985; 11; 10; 3
1357042794412; 84998; 0.08143943843626238; 300000; 0.0; 0.0; 0; 0; 0
1357042795415; 84998; 0.08143943843626238; 300000; 0.6126423856061891; 0.6126423856061891; 1; 1; 1
1357042796419; 85167; 0.054957616189440395; 300000; 1.5130572019325976; 1.710773756137884; 4; 4; 2
1357042797422; 85249; 0.054957616189440395; 300000; 0.0785927672309068; 0.19675282207314737; 4; 4; 0
1357042798424; 85299; 0.054957616189440395; 300000; 0.5512739688409085; 0.7855769825917278; 3; 3; 2
1357042799427; 85299; 0.037136870898967014; 300000; 2.8175953001706624; 5.790439328075309; 14; 14; 9
1357042800430; 85349; 0.037136870898967014; 300000; 0.27250421190718366; 0.5648255431828748; 4; 4; 2
1357042801455; 85349; 0.037136870898967014; 300000; 0.20867588069227438; 0.27376687996345406; 2; 2; 1
1357042802777; 85413; 0.025647735764850844; 300000; 0.10128374150720076; 0.5292689770022161; 8; 8; 1
1357042803780; 85461; 0.025647735764850844; 300000; 0.9871614631772867; 2.383534528386017; 11; 11; 5
1357042804861; 85474; 0.025647735764850844; 300000; 0.36720622801074954; 0.6814989621792615; 6; 6; 1
1357042805863; 85488; 0.017447718461504096; 300000; 0.3582178698713625; 0.6763884270017702; 4; 3; 3
1357042806866; 85506; 0.017447718461504096; 300000; 0.8176429634129663; 1.3892896280664007; 2; 2; 2
1357042807868; 85514; 0.017447718461504096; 300000; 0.38776846966862144; 1.0503100545951563; 7; 7; 3
1357042808870; 85528; 0.011856788289811713; 300000; 0.295680496399908; 0.7184762177634108; 6; 6; 3
1357042809872; 85536; 0.011856788289811713; 300000; 0.3177339185090944; 0.6437391789626432; 3; 3; 2
1357042810996; 85546; 0.011856788289811713; 300000; 0.11385210751282027; 0.251074075546049; 3; 3; 1
1357042812000; 85555; 0.00842523561917059; 300000; 0.38647835504688355; 0.9270540254154849; 7; 7; 4
1357042813002; 85562; 0.00842523561917059; 300000; 0.15846123949150526; 0.859520128686269; 12; 12; 3
1357042813171; 85562; 0.00842523561917059; 300000; 0.08109389559081381; 0.21732015637359403; 3; 3; 0
1357042814004; 85562; 0.00842523561917059; 300000; 0.8638669054360826; 1.1122010367788868; 2; 2; 2
1357042814172; 85571; 0.005665588408622226; 300000; 0.0; 0.0; 0; 0; 0
1357042815006; 2; 0.005665588408622226; 300000; 0.0; 0.0; 0; 0; 0
1357042815345; 4; 0.005665588408622226; 300000; 0.0; 0.0; 0; 0; 0
1357042816008; 4; 0.005665588408622226; 300000; 0.0; 0.0; 0; 0; 0
1357042816348; 4; 0.005665588408622226; 300000; 0.0; 0.0; 0; 0; 0
1357042817012; 85578; 0.005665588408622226; 300000; 0.0; 0.0; 0; 0; 0
1357042817351; 85578; 0.005665588408622226; 300000; 0.0; 0.0; 0; 0; 0
1357042818014; 85591; 0.005665588408622226; 300000; 0.0; 0.0; 0; 0; 0
1357042818353; 85591; 0.005693916350665337; 300000; 0.0; 0.0; 0; 0; 0
1357042819018; 85591; 0.005722385932418663; 300000; 0.0; 0.0; 0; 0; 0
1357042819356; 85591; 0.00577960979174285; 300000; 0.0; 0.0; 0; 0; 0
1357042820021; 28; 0.005837405889660278; 300000; 0.0; 0.0; 0; 0; 0
1357042820392; 28; 0.0059249669780051814; 300000; 0.0; 0.0; 0; 0; 0
1357042821024; 33; 0.006013841482675259; 300000; 0.0; 0.0; 0; 0; 0
1357042821395; 85607; 0.0061341183123287644; 300000; 0.0; 0.0; 0; 0; 0
1357042822028; 85607; 0.00625680067857534; 300000; 0.0; 0.0; 0; 0; 0
1357042822398; 85607; 0.006413220695539723; 300000; 0.0; 0.0; 0; 0; 0
1357042823030; 85607; 0.006573551212928215; 300000; 0.0; 0.0; 0; 0; 0
1357042823400; 85607; 0.006770757749316062; 300000; 0.0; 0.0; 0; 0; 0
1357042824032; 85628; 0.006973880481795544; 300000; 0.0; 0.0; 0; 0; 0
1357042824402; 85628; 0.007217966298658387; 300000; 0.0; 0.0; 0; 0; 0
1357042825034; 64; 0.00747059511911143; 300000; 0.0; 0.0; 0; 0; 0
1357042825404; 64; 0.007769418923875887; 300000; 0.0; 0.0; 0; 0; 0
1357042826036; 64; 0.008080195680830923; 300000; 0.0; 0.0; 0; 0; 0
1357042826406; 64; 0.008443804486468314; 300000; 0.0; 0.0; 0; 0; 0
1357042827040; 85654; 0.008823775688359388; 300000; 0.0; 0.0; 0; 0; 0
1357042827409; 85654; 0.009264964472777358; 300000; 0.0; 0.0; 0; 0; 0
1357042828042; 85664; 0.009728212696416227; 300000; 0.0; 0.0; 0; 0; 0
1357042828411; 85664; 0.010214623331237039; 300000; 0.0; 0.0; 0; 0; 0
1357042829045; 85671; 0.010725354497798892; 300000; 0.0; 0.0; 0; 0; 0
1357042829414; 85678; 0.011261622222688837; 300000; 0.0; 0.0; 0; 0; 0
1357042830047; 85678; 0.011824703333823279; 300000; 0.0; 0.0; 0; 0; 0
1357042830416; 85678; 0.012415938500514444; 300000; 0.0; 0.0; 0; 0; 0
1357042831051; 101; 0.013036735425540166; 300000; 0.0; 0.0; 0; 0; 0
1357042831419; 101; 0.013688572196817175; 300000; 0.0; 0.0; 0; 0; 0
1357042832054; 101; 0.014373000806658034; 300000; 0.0; 0.0; 0; 0; 0
1357042832421; 143; 0.015091650846990937; 300000; 0.0; 0.0; 0; 0; 0
1357042833056; 143; 0.015846233389340485; 300000; 0.0; 0.0; 0; 0; 0
1357042833423; 85733; 0.01663854505880751; 300000; 0.0; 0.0; 0; 0; 0
1357042834302; 85733; 0.017470472311747885; 300000; 0.0; 0.0; 0; 0; 0
1357042834425; 85733; 0.01834399592733528; 300000; 0.0; 0.0; 0; 0; 0
1357042835304; 169; 0.019261195723702045; 300000; 0.0; 0.0; 0; 0; 0
1357042835427; 169; 0.020224255509887146; 300000; 0.0; 0.0; 0; 0; 0
1357042836306; 169; 0.021235468285381504; 300000; 0.0; 0.0; 0; 0; 0
1357042836429; 169; 0.02229724169965058; 300000; 0.0; 0.0; 0; 0; 0
1357042837310; 236; 0.02341210378463311; 300000; 0.0; 0.0; 0; 0; 0
1357042837432; 236; 0.024582708973864765; 300000; 0.0; 0.0; 0; 0; 0
1357042838312; 236; 0.025811844422558003; 300000; 0.0; 0.0; 0; 0; 0
1357042838435; 236; 0.027102436643685904; 300000; 0.0; 0.0; 0; 0; 0
1357042839726; 85878; 0.028457558475870202; 300000; 8.884987123922716E-4; 8.884987123922716E-4; 1; 0; 0
1357042839768; 85878; 0.0291249473796768; 300000; 0.0; 0.0; 0; 0; 0
1357042840770; 85878; 0.03058119474866064; 300000; 0.0; 0.0; 0; 0; 0
1357042840771; 85878; 0.03211025448609367; 300000; 0.0; 0.0; 0; 0; 0
1357042841773; 362; 0.03371576721039835; 300000; 0.0; 0.0; 0; 0; 0
1357042841776; 362; 0.03540155557091827; 300000; 0.0; 0.0; 0; 0; 0
1357042842776; 379; 0.03717163334946419; 300000; 0.0; 0.0; 0; 0; 0
1357042842778; 379; 0.0390302150169374; 300000; 0.0; 0.0; 0; 0; 0
1357045205956; 1; 10.0; 300000; 1.1103526090683324E-4; 7.856160738808349E-4; 300; 0; 0
1357045208382; 6500; 10.0; 300000; 1.7184889432987016; 1.7184889432987016; 1; 1; 1
1357045209403; 28430; 10.0; 300000; 2.428977411051993; 10.271838403294698; 29; 29; 11
1357045210406; 37787; 6.687251460816047; 300000; 0.28332022492864484; 12.623483692060592; 308; 307; 9
1357045211408; 43530; 6.687251460816047; 300000; 0.510270156935992; 0.9482649664179792; 10; 9; 2
1357045212411; 43530; 6.687251460816047; 300000; 0.15718750000000004; 0.23718395890031152; 3; 4; 1
1357045213413; 54880; 4.670883392776749; 300000; 0.31014612171007383; 1.1213235220156959; 18; 17; 3
1357045214415; 61413; 4.670883392776749; 300000; 0.4598765379569041; 1.7034176105263932; 39; 36; 2
1357045215418; 66091; 4.670883392776749; 300000; 0.09006249999999993; 0.622893873186831; 306; 5; 0
1357045216420; 69462; 3.373235704892207; 300000; 0.23114063503531557; 0.8244620290855655; 7; 6; 5
1357045217423; 70400; 3.373235704892207; 300000; 0.06310839391851797; 0.21416167380119; 18; 4; 0
1357045218426; 74991; 3.373235704892207; 300000; 4.462563220511706; 5.335483159187975; 18; 18; 3
1357045219428; 77438; 2.252603285521115; 300000; 0.44474496668257446; 0.9586801286822688; 10; 10; 2
1357045220430; 77438; 2.252603285521115; 300000; 0.22831522255453507; 0.6500200264849842; 5; 5; 3
1357045221432; 80577; 2.252603285521115; 300000; 0.40807381693223466; 1.2571550192172516; 13; 13; 3
1357045222435; 80577; 1.529335962523591; 300000; 0.9431315292981111; 1.1943448843594668; 4; 4; 2
1357045223438; 84910; 1.529335962523591; 300000; 0.3729147141735547; 0.8371941420197835; 10; 6; 3
1357045224440; 86556; 1.529335962523591; 300000; 0.5678921034307451; 1.6746038538893717; 11; 9; 4
1357045225443; 86900; 1.0330223306066744; 300000; 0.4072078676634625; 0.50481595074402; 15; 3; 1
1357045226445; 88072; 1.0330223306066744; 300000; 0.22804086335564877; 0.72164551385026; 8; 8; 3
1357045227448; 89552; 1.0330223306066744; 300000; 0.30545615012949323; 0.7610253426163343; 24; 16; 2
1357045228450; 90171; 0.7055910566266386; 300000; 0.18548849864632766; 0.44529187378005; 7; 5; 2
1357045229495; 90904; 0.7055910566266386; 300000; 0.310559150217542; 0.47087677795901683; 9; 3; 2
1357045230497; 91737; 0.7055910566266386; 300000; 1.048906038800753; 1.3312495740400854; 10; 5; 2
1357045231499; 92060; 0.4737574994460663; 300000; 0.09292519770027163; 0.28114211529005817; 6; 4; 0
1357045232502; 92514; 0.4737574994460663; 300000; 0.8483719013196636; 0.9506271852860051; 3; 3; 1
1357045233504; 93042; 0.4737574994460663; 300000; 0.4995420398859418; 0.8955303642722958; 7; 3; 2
1357045234507; 93044; 0.3205802511773165; 300000; 0.13535263595641056; 0.23793414345700503; 2; 2; 2
1357045235509; 93614; 0.3205802511773165; 300000; 0.07663453107048368; 0.17579101619620596; 4; 3; 0
1357045236513; 93704; 0.3205802511773165; 300000; 0.10763302892088222; 0.20665528387589616; 3; 3; 1
1357045237515; 94073; 0.22861244793419083; 300000; 0.2801416597168158; 0.43119775489851; 3; 3; 1
1357045238517; 94074; 0.22861244793419083; 300000; 0.7005657157884642; 2.6862300485515878; 13; 13; 7
1357045239520; 94450; 0.22861244793419083; 300000; 0.07925406102511601; 0.30558642416421034; 5; 5; 0
1357045240522; 94615; 0.1668310578465605; 300000; 0.07398035030920513; 0.25301535397584596; 4; 4; 0
1357045241525; 94869; 0.1668310578465605; 300000; 0.14663630316141107; 0.6655690445585176; 9; 9; 2
1357045242528; 94883; 0.1668310578465605; 300000; 0.08476426915272794; 0.08476426915272794; 1; 1; 0
1357045243531; 94972; 0.12106158863121246; 300000; 0.5563775527760642; 1.5125446338665287; 4; 4; 4
1357045244534; 95237; 0.12106158863121246; 300000; 0.14574140054038454; 0.24339487878232746; 4; 3; 1
1357045245537; 95350; 0.12106158863121246; 300000; 1.0371743684314647; 1.3636417494419473; 8; 7; 1
1357045246540; 95373; 0.08129133827059003; 300000; 0.9274991408020479; 2.3635476466939798; 15; 14; 7
1357045247546; 95439; 0.08129133827059003; 300000; 0.18393832209733718; 0.38686958263907045; 3; 3; 2
1357045248548; 95491; 0.08129133827059003; 300000; 0.2711185800935634; 0.5556591415488552; 5; 4; 2
1357045249552; 95584; 0.05569340971280548; 300000; 0.42685539416270557; 1.2566473951400097; 11; 11; 3
1357045250554; 95643; 0.05569340971280548; 300000; 0.2246989326775204; 0.38609011425348005; 3; 3; 2
1357045251556; 95643; 0.05569340971280548; 300000; 0.6695632787883059; 0.895909991017229; 4; 4; 2
1357045252559; 95643; 0.03754483335793827; 300000; 3.116896116632838; 3.655919580590278; 5; 5; 4
1357045253561; 95753; 0.03754483335793827; 300000; 0.1895275376157306; 0.5668328953125985; 5; 5; 3
1357045254563; 95795; 0.03754483335793827; 300000; 0.16257217020963055; 0.3508279967777723; 4; 4; 1
1357045255573; 95821; 0.026184601710981054; 300000; 0.17554312294818297; 0.44453458627049147; 5; 5; 2
1357045256580; 95821; 0.026184601710981054; 300000; 0.11152208939183605; 0.2224602729187648; 2; 2; 2
1357045257583; 95882; 0.026184601710981054; 300000; 0.7914558580155979; 1.4466971444141483; 7; 7; 3
1357045258586; 95897; 0.017621821621441387; 300000; 1.197941123531737; 1.7713293590807242; 8; 8; 2
1357045259588; 95912; 0.017621821621441387; 300000; 0.09830186725603962; 0.3504582141764414; 5; 5; 0
1357045260590; 95912; 0.017621821621441387; 300000; 0.17065272043990132; 0.3288923791195051; 3; 3; 2
1357045261592; 95932; 0.01226418757686725; 300000; 1.1427608396711242; 2.4335501989549786; 15; 15; 4
1357045262596; 95932; 0.01226418757686725; 300000; 0.8790062861256851; 1.1381569694120823; 5; 5; 1
1357045263003; 95932; 0.01226418757686725; 300000; 0.09387899073744577; 0.09387899073744577; 1; 1; 0
1357045263598; 95932; 0.01226418757686725; 300000; 0.0; 0.0; 0; 0; 0
1357045264009; 95932; 0.01226418757686725; 300000; 0.0; 0.0; 0; 0; 0
1357045264601; 95957; 0.01226418757686725; 300000; 0.0; 0.0; 0; 0; 0
1357045265151; 95957; 0.01226418757686725; 300000; 0.0; 0.0; 0; 0; 0
1357045265603; 95957; 0.01226418757686725; 300000; 0.0; 0.0; 0; 0; 0
1357045266153; 95972; 0.01226418757686725; 300000; 0.0; 0.0; 0; 0; 0
1357045266606; 95997; 0.01226418757686725; 300000; 0.0; 0.0; 0; 0; 0
1357045267156; 95997; 0.012325508514751584; 300000; 0.0; 0.0; 0; 0; 0
1357045267608; 95997; 0.012325508514751584; 300000; 0.0; 0.0; 0; 0; 0
1357045268158; 96015; 0.0124487635998991; 300000; 0.0; 0.0; 0; 0; 0
1357045268610; 96015; 0.012511007417898595; 300000; 0.0; 0.0; 0; 0; 0
1357045269161; 96015; 0.012698672529167072; 300000; 0.0; 0.0; 0; 0; 0
1357045269613; 53; 0.012825659254458744; 300000; 0.0; 0.0; 0; 0; 0
1357045270165; 53; 0.013082172439547918; 300000; 0.0; 0.0; 0; 0; 0
1357045270616; 83; 0.013278405026141136; 300000; 0.0; 0.0; 0; 0; 0
1357045271168; 83; 0.013610365151794663; 300000; 0.0; 0.0; 0; 0; 0
1357045271619; 83; 0.013882572454830556; 300000; 0.0; 0.0; 0; 0; 0
1357045272170; 96044; 0.014299049628475472; 300000; 0.0; 0.0; 0; 0; 0
1357045272628; 96044; 0.014656525869187358; 300000; 0.0; 0.0; 0; 0; 0
1357045273172; 96044; 0.015169504274608914; 300000; 0.0; 0.0; 0; 0; 0
1357045273630; 96091; 0.015624589402847182; 300000; 0.0; 0.0; 0; 0; 0
1357045274175; 96091; 0.01624957297896107; 300000; 0.0; 0.0; 0; 0; 0
1357045274632; 145; 0.016818308033224705; 300000; 0.0; 0.0; 0; 0; 0
1357045275196; 161; 0.017575131894719816; 300000; 0.0; 0.0; 0; 0; 0
1357045275634; 96121; 0.01827813717050861; 300000; 0.0; 0.0; 0; 0; 0
1357045276198; 96121; 0.01919204402903404; 300000; 0.0; 0.0; 0; 0; 0
1357045276636; 96121; 0.020055686010340572; 300000; 0.0; 0.0; 0; 0; 0
1357045277200; 96121; 0.021058470310857603; 300000; 0.0; 0.0; 0; 0; 0
1357045277639; 96172; 0.022111393826400483; 300000; 0.0; 0.0; 0; 0; 0
1357045278203; 96185; 0.02321696351772051; 300000; 0.0; 0.0; 0; 0; 0
1357045278641; 96185; 0.024377811693606536; 300000; 0.0; 0.0; 0; 0; 0
1357045279205; 96185; 0.025596702278286865; 300000; 0.0; 0.0; 0; 0; 0
1357045279643; 225; 0.026876537392201208; 300000; 0.0; 0.0; 0; 0; 0
1357045280240; 225; 0.02822036426181127; 300000; 0.0; 0.0; 0; 0; 0
1357045280645; 290; 0.029631382474901834; 300000; 0.0; 0.0; 0; 0; 0
1357045281243; 306; 0.031112951598646927; 300000; 0.0; 0.0; 0; 0; 0
1357045281649; 96263; 0.032668599178579276; 300000; 0.0; 0.0; 0; 0; 0
1357045282246; 96263; 0.03430202913750824; 300000; 0.0; 0.0; 0; 0; 0
1357045282651; 326; 0.036017130594383655; 300000; 0.0; 0.0; 0; 0; 0
1357045283248; 326; 0.037817987124102836; 300000; 0.0; 0.0; 0; 0; 0
1357045283654; 96358; 0.03970888648030798; 300000; 0.0015000000000000568; 0.0015000000000000568; 1; 0; 0
1357045284250; 96358; 0.04055123916741576; 300000; 0.0; 0.0; 0; 0; 0
1357045284657; 96358; 0.04257880112578655; 300000; 0.0; 0.0; 0; 0; 0
1357045285253; 96411; 0.04470774118207588; 300000; 0.0; 0.0; 0; 0; 0
1357045285661; 96411; 0.046943128241179674; 300000; 0.0; 0.0; 0; 0; 0
1357045286256; 96469; 0.04929028465323866; 300000; 0.0; 0.0; 0; 0; 0
1357045286663; 96469; 0.051754798885900594; 300000; 0.0; 0.0; 0; 0; 0
1357045287258; 96469; 0.05434253883019562; 300000; 0.0; 0.0; 0; 0; 0
1357045287666; 96469; 0.0570596657717054; 300000; 0.0; 0.0; 0; 0; 0
1357045288260; 96528; 0.059912649060290674; 300000; 0.0; 0.0; 0; 0; 0
1357045288668; 96528; 0.06290828151330521; 300000; 0.0; 0.0; 0; 0; 0
1357045289671; 96577; 0.06605369558897048; 300000; 0.0; 0.0; 0; 0; 0
1357045290674; 96721; 0.06935638036841901; 300000; 0.0; 0.0; 0; 0; 0
1357045291677; 96721; 0.07282419938683997; 300000; 0.0; 0.0; 0; 0; 0
1357045292680; 96721; 0.07646540935618197; 300000; 0.0; 0.0; 0; 0; 0
1357045293682; 96721; 0.08028867982399107; 300000; 0.0; 0.0; 0; 0; 0
1357045294684; 96721; 0.08430311381519062; 300000; 0.0; 0.0; 0; 0; 0
1357045295686; 96721; 0.08851826950595015; 300000; 0.0; 0.0; 0; 0; 0
